 INFO [2024-07-16 17:50:49,700] (%D:10) - **********************************************************************************************
 INFO [2024-07-16 17:50:49,703] (%D:11) - $$$$$$$$$$$$$$$$$$$$$$$$$$$$$$$$Verify Add New Provider functionality status as Active      $$$$$$$$$$$$$$$$$$$$$$$$$$$$$$$$$$$$$$$$$$$$$$
 INFO [2024-07-16 17:50:49,703] (%D:12) - ***********************************************************************************************
 INFO [2024-07-16 17:50:59,257] (%D:22) - Clicked on clicked
 INFO [2024-07-16 17:50:59,429] (%D:22) - Text Entered into Enter Email id
 INFO [2024-07-16 17:50:59,578] (%D:22) - Clicked on clicked
 INFO [2024-07-16 17:50:59,758] (%D:22) - Text Entered into Enter password
 INFO [2024-07-16 17:50:59,853] (%D:22) - Clicked on Login
 INFO [2024-07-16 17:51:02,881] (%D:22) - User navigated to Homepage
 INFO [2024-07-16 17:51:08,117] (%D:22) - Clicked on 3rd Party Provider
 INFO [2024-07-16 17:51:08,416] (%D:22) - Clicked on Add New Provider button
 INFO [2024-07-16 17:51:08,416] (%D:22) - Generated Alphanumeric values
 INFO [2024-07-16 17:51:08,416] (%D:22) - Generated Alphanumeric values
 INFO [2024-07-16 17:51:08,417] (%D:22) - Generated Alphanumeric values
 INFO [2024-07-16 17:51:08,418] (%D:22) - Generated Alphanumeric values
 INFO [2024-07-16 17:51:08,419] (%D:22) - Generated Alphanumeric values
 INFO [2024-07-16 17:51:08,420] (%D:22) - Generated Alphanumeric values
 INFO [2024-07-16 17:51:08,692] (%D:22) - Text Entered into Mobile Number
 INFO [2024-07-16 17:51:08,875] (%D:22) - Text Entered into Other Contact Number
 INFO [2024-07-16 17:51:09,054] (%D:22) - Text Entered into Email Address
 INFO [2024-07-16 17:51:09,230] (%D:22) - Text Entered into Fax Number
 INFO [2024-07-16 17:51:09,423] (%D:22) - Text Entered into Vat Number
 INFO [2024-07-16 17:51:09,616] (%D:22) - Text Entered into Postal Code
 INFO [2024-07-16 17:51:09,709] (%D:22) - Clicked on Mobile Number
 INFO [2024-07-16 17:51:09,759] (%D:22) - Give Correct Mobile Number element is visible
 INFO [2024-07-16 17:51:09,787] (%D:22) - Give Correct Mobile Number element is visible
 INFO [2024-07-16 17:51:09,818] (%D:22) - Enter valid Email Address element is visible
 INFO [2024-07-16 17:51:09,835] (%D:22) - Give Correct Fax Number element is visible
 INFO [2024-07-16 17:51:09,850] (%D:22) - Give Correct Vat Number element is visible
 INFO [2024-07-16 17:51:09,866] (%D:22) - Give Correct Postal Code element is visible
 INFO [2024-07-16 17:51:15,054] (%D:22) - Clicked on Cancel button
 INFO [2024-07-16 17:51:15,223] (%D:22) - Clicked on Add New Provider button
 INFO [2024-07-16 17:51:15,225] (%D:22) - Generates Random Alphabets
 INFO [2024-07-16 17:51:15,420] (%D:22) - Text Entered into Provider Name
 INFO [2024-07-16 17:51:15,420] (%D:22) - Generates Random Numbers
 INFO [2024-07-16 17:51:15,587] (%D:22) - Text Entered into Mobile Number
 INFO [2024-07-16 17:51:15,587] (%D:22) - Generates Random Numbers
 INFO [2024-07-16 17:51:15,749] (%D:22) - Text Entered into Other Contact Number
 INFO [2024-07-16 17:51:15,749] (%D:22) - Generates Random Numbers
 INFO [2024-07-16 17:51:15,916] (%D:22) - Text Entered into Fax Number
 INFO [2024-07-16 17:51:15,916] (%D:22) - Generates Random Numbers
 INFO [2024-07-16 17:51:16,097] (%D:22) - Text Entered into Vat Number
 INFO [2024-07-16 17:51:16,098] (%D:22) - Generates Random Alphabets
 INFO [2024-07-16 17:51:16,480] (%D:22) - Text Entered into Street
 INFO [2024-07-16 17:51:16,480] (%D:22) - Generates Random Alphabets
 INFO [2024-07-16 17:51:16,875] (%D:22) - Text Entered into Street2
 INFO [2024-07-16 17:51:16,876] (%D:22) - Generates Random Numbers
 INFO [2024-07-16 17:51:17,009] (%D:22) - Text Entered into Postal Code
 INFO [2024-07-16 17:51:17,010] (%D:22) - Generates Random Alphabets
 INFO [2024-07-16 17:51:17,696] (%D:22) - Text Entered into Comments
 INFO [2024-07-16 17:51:17,767] (%D:22) - Clicked on Mobile Number
 INFO [2024-07-16 17:51:17,789] (%D:22) - Maximum 25 Characters Allowed element is visible
 INFO [2024-07-16 17:51:17,798] (%D:22) - Give Correct Mobile Number element is visible
 INFO [2024-07-16 17:51:17,807] (%D:22) - Give Correct Mobile Number element is visible
 INFO [2024-07-16 17:51:17,813] (%D:22) - Give Correct Fax Number element is visible
 INFO [2024-07-16 17:51:17,824] (%D:22) - Give Correct Vat Number element is visible
 INFO [2024-07-16 17:51:17,836] (%D:22) - Maximum 100 Characters Allowed element is visible
 INFO [2024-07-16 17:51:17,836] (%D:22) - Maximum 100 characters Allowed element is visible
 INFO [2024-07-16 17:51:17,851] (%D:22) - Give Correct Postal Code element is visible
 INFO [2024-07-16 17:51:17,858] (%D:22) - Maximum 250 characters allowed. element is visible
 INFO [2024-07-16 17:51:23,089] (%D:22) - Clicked on Cancel button
 INFO [2024-07-16 17:51:23,243] (%D:22) - Clicked on Add New Provider button
 INFO [2024-07-16 17:51:23,331] (%D:22) - Clicked on Save and Continue
 INFO [2024-07-16 17:51:23,340] (%D:22) - New provider is not created
 INFO [2024-07-16 17:51:28,513] (%D:22) - Clicked on Cancel button
 INFO [2024-07-16 17:51:28,670] (%D:22) - Clicked on Add New Provider button
 INFO [2024-07-16 17:51:28,972] (%D:22) - Text Entered into Provider Name
 INFO [2024-07-16 17:51:29,143] (%D:22) - Text Entered into Mobile Number
 INFO [2024-07-16 17:51:29,415] (%D:22) - Text Entered into Other Contact Number
 INFO [2024-07-16 17:51:29,733] (%D:22) - Text Entered into Email Address
 INFO [2024-07-16 17:51:29,900] (%D:22) - Text Entered into Fax Number
 INFO [2024-07-16 17:51:30,133] (%D:22) - Text Entered into Vat Number
 INFO [2024-07-16 17:51:30,400] (%D:22) - Clicked on Status
 INFO [2024-07-16 17:51:33,556] (%D:22) - Clicked on Active
 INFO [2024-07-16 17:51:36,885] (%D:22) - Text Entered into Street
 INFO [2024-07-16 17:51:37,144] (%D:22) - Text Entered into Street2
 INFO [2024-07-16 17:51:39,647] (%D:22) - Province is auto-populated
 INFO [2024-07-16 17:51:46,332] (%D:22) - Text Entered into Postal Code
 INFO [2024-07-16 17:51:46,580] (%D:22) - Text Entered into Comments
 INFO [2024-07-16 17:51:49,679] (%D:22) - Clicked on Save and Continue
 INFO [2024-07-16 17:51:56,986] (%D:22) - Text Entered into Filter
 INFO [2024-07-16 17:51:57,021] (%D:22) - Text got from Filtered Data
 INFO [2024-07-16 17:51:57,021] (%D:22) - New Active Provider is created successfully
 INFO [2024-07-16 17:51:57,202] (%D:22) - Clicked on Add New Provider button
 INFO [2024-07-16 17:51:57,414] (%D:22) - Text Entered into Provider Name
 INFO [2024-07-16 17:51:57,546] (%D:22) - Text Entered into Mobile Number
 INFO [2024-07-16 17:51:57,677] (%D:22) - Text Entered into Other Contact Number
 INFO [2024-07-16 17:51:57,854] (%D:22) - Text Entered into Email Address
 INFO [2024-07-16 17:51:57,992] (%D:22) - Text Entered into Fax Number
 INFO [2024-07-16 17:51:58,126] (%D:22) - Text Entered into Vat Number
 INFO [2024-07-16 17:51:58,204] (%D:22) - Clicked on Status
 INFO [2024-07-16 17:52:01,313] (%D:22) - Clicked on Active
 INFO [2024-07-16 17:52:04,681] (%D:22) - Text Entered into Street
 INFO [2024-07-16 17:52:04,879] (%D:22) - Text Entered into Street2
 INFO [2024-07-16 17:52:07,320] (%D:22) - Province is auto-populated
 INFO [2024-07-16 17:52:13,843] (%D:22) - Text Entered into Postal Code
 INFO [2024-07-16 17:52:14,049] (%D:22) - Text Entered into Comments
 INFO [2024-07-16 17:52:17,190] (%D:22) - Clicked on Save and Continue
 INFO [2024-07-16 17:52:19,230] (%D:22) - New Provider is not created
 INFO [2024-07-16 17:52:19,236] (%D:17) - $$$$$$$$$$$$$$$$$$$$$$$$$$$$$$$$---END---$$$$$$$$$$$$$$$$$$$$$$$$$$$$$$$$$$$$$$$$$$$$$$
 INFO [2024-07-16 17:52:19,237] (%D:18) -     
 INFO [2024-07-16 17:52:19,331] (%D:10) - **********************************************************************************************
 INFO [2024-07-16 17:52:19,332] (%D:11) - $$$$$$$$$$$$$$$$$$$$$$$$$$$$$$$$Verify Add New Provider functionality status as Inactive      $$$$$$$$$$$$$$$$$$$$$$$$$$$$$$$$$$$$$$$$$$$$$$
 INFO [2024-07-16 17:52:19,332] (%D:12) - ***********************************************************************************************
 INFO [2024-07-16 17:52:26,216] (%D:22) - Clicked on clicked
 INFO [2024-07-16 17:52:26,339] (%D:22) - Text Entered into Enter Email id
 INFO [2024-07-16 17:52:26,433] (%D:22) - Clicked on clicked
 INFO [2024-07-16 17:52:26,514] (%D:22) - Text Entered into Enter password
 INFO [2024-07-16 17:52:26,618] (%D:22) - Clicked on Login
 INFO [2024-07-16 17:52:29,647] (%D:22) - User navigated to Homepage
 INFO [2024-07-16 17:52:34,874] (%D:22) - Clicked on 3rd Party Provider
 INFO [2024-07-16 17:52:35,108] (%D:22) - Clicked on Add New Provider button
 INFO [2024-07-16 17:52:35,660] (%D:22) - Text Entered into Provider Name
 INFO [2024-07-16 17:52:35,834] (%D:22) - Text Entered into Mobile Number
 INFO [2024-07-16 17:52:36,049] (%D:22) - Text Entered into Other Contact Number
 INFO [2024-07-16 17:52:36,361] (%D:22) - Text Entered into Email Address
 INFO [2024-07-16 17:52:36,596] (%D:22) - Text Entered into Fax Number
 INFO [2024-07-16 17:52:36,805] (%D:22) - Text Entered into Vat Number
 INFO [2024-07-16 17:52:36,908] (%D:22) - Clicked on Status
 INFO [2024-07-16 17:52:40,656] (%D:22) - Clicked on Inactive
 INFO [2024-07-16 17:52:44,010] (%D:22) - Text Entered into Street
 INFO [2024-07-16 17:52:44,294] (%D:22) - Text Entered into Street2
 INFO [2024-07-16 17:52:46,791] (%D:22) - Province is auto-populated
 INFO [2024-07-16 17:52:53,417] (%D:22) - Text Entered into Postal Code
 INFO [2024-07-16 17:52:53,651] (%D:22) - Text Entered into Comments
 INFO [2024-07-16 17:52:56,851] (%D:22) - Clicked on Save and Continue
 INFO [2024-07-16 17:53:02,050] (%D:30) - Unable to click on element Inactive Provider
 INFO [2024-07-16 17:53:02,236] (%D:17) - $$$$$$$$$$$$$$$$$$$$$$$$$$$$$$$$---END---$$$$$$$$$$$$$$$$$$$$$$$$$$$$$$$$$$$$$$$$$$$$$$
 INFO [2024-07-16 17:53:02,236] (%D:18) -     
 INFO [2024-07-16 17:53:02,318] (%D:10) - **********************************************************************************************
 INFO [2024-07-16 17:53:02,318] (%D:11) - $$$$$$$$$$$$$$$$$$$$$$$$$$$$$$$$Verify the Active Providers and Inactive Providers filter functionality      $$$$$$$$$$$$$$$$$$$$$$$$$$$$$$$$$$$$$$$$$$$$$$
 INFO [2024-07-16 17:53:02,318] (%D:12) - ***********************************************************************************************
 INFO [2024-07-16 17:53:09,835] (%D:22) - Clicked on clicked
 INFO [2024-07-16 17:53:09,952] (%D:22) - Text Entered into Enter Email id
 INFO [2024-07-16 17:53:10,048] (%D:22) - Clicked on clicked
 INFO [2024-07-16 17:53:10,122] (%D:22) - Text Entered into Enter password
 INFO [2024-07-16 17:53:10,208] (%D:22) - Clicked on Login
 INFO [2024-07-16 17:53:13,227] (%D:22) - User navigated to Homepage
 INFO [2024-07-16 17:53:18,566] (%D:22) - Clicked on 3rd Party Provider
 INFO [2024-07-16 17:53:23,846] (%D:22) - Text Entered into Filter
 INFO [2024-07-16 17:53:23,894] (%D:22) - Text got from Filtered Data
 INFO [2024-07-16 17:53:23,894] (%D:22) - Active Provider Name is visible under filter
 INFO [2024-07-16 17:53:23,895] (%D:22) - Generates Random Alphabets
 INFO [2024-07-16 17:53:24,024] (%D:22) - Text Entered into Filter
 INFO [2024-07-16 17:53:29,076] (%D:22) -  No data matching the filter element is visible
 INFO [2024-07-16 17:53:34,204] (%D:22) - Clicked on Inactive Provider
 INFO [2024-07-16 17:53:37,478] (%D:22) - Text Entered into Inactive Filter
 INFO [2024-07-16 17:53:37,514] (%D:22) - Text got from Filtered Data
 INFO [2024-07-16 17:53:37,514] (%D:22) - Inactive Provider Name is visible
 INFO [2024-07-16 17:53:37,514] (%D:22) - Generates Random Alphabets
 INFO [2024-07-16 17:53:40,770] (%D:22) - Text Entered into Filter
 INFO [2024-07-16 17:53:40,787] (%D:22) -  No data matching the filter element is visible
 INFO [2024-07-16 17:53:40,907] (%D:22) - Clicked on Items Dropdown
 INFO [2024-07-16 17:53:43,090] (%D:22) - Clicked on Items Dropdown Option
 INFO [2024-07-16 17:53:43,090] (%D:17) - $$$$$$$$$$$$$$$$$$$$$$$$$$$$$$$$---END---$$$$$$$$$$$$$$$$$$$$$$$$$$$$$$$$$$$$$$$$$$$$$$
 INFO [2024-07-16 17:53:43,090] (%D:18) -     
 INFO [2024-07-16 17:53:43,197] (%D:10) - **********************************************************************************************
 INFO [2024-07-16 17:53:43,197] (%D:11) - $$$$$$$$$$$$$$$$$$$$$$$$$$$$$$$$Verify the Manage Provider functionality of Active Providers and Inactive Providers      $$$$$$$$$$$$$$$$$$$$$$$$$$$$$$$$$$$$$$$$$$$$$$
 INFO [2024-07-16 17:53:43,197] (%D:12) - ***********************************************************************************************
 INFO [2024-07-16 17:53:50,369] (%D:22) - Clicked on clicked
 INFO [2024-07-16 17:53:50,479] (%D:22) - Text Entered into Enter Email id
 INFO [2024-07-16 17:53:50,560] (%D:22) - Clicked on clicked
 INFO [2024-07-16 17:53:50,641] (%D:22) - Text Entered into Enter password
 INFO [2024-07-16 17:53:50,736] (%D:22) - Clicked on Login
 INFO [2024-07-16 17:53:53,751] (%D:22) - User navigated to Homepage
 INFO [2024-07-16 17:53:59,007] (%D:22) - Clicked on 3rd Party Provider
 INFO [2024-07-16 17:54:04,290] (%D:22) - Text Entered into Provider Name
 INFO [2024-07-16 17:54:04,467] (%D:22) - Clicked on Manage Provider
 INFO [2024-07-16 17:54:04,467] (%D:22) - Generates Random Numbers
 INFO [2024-07-16 17:54:07,674] (%D:22) - Text Entered into Vat Number
 INFO [2024-07-16 17:54:12,780] (%D:22) - Clicked on Update
 INFO [2024-07-16 17:54:19,057] (%D:22) - Text Entered into Provider Name
 INFO [2024-07-16 17:54:19,243] (%D:22) - Clicked on Manage Provider
 INFO [2024-07-16 17:54:25,303] (%D:22) - Vat Number is updated
 INFO [2024-07-16 17:54:30,385] (%D:22) - Clicked on Deactivate Button
 INFO [2024-07-16 17:54:35,599] (%D:22) - Clicked on Inactive Provider
 INFO [2024-07-16 17:54:35,801] (%D:22) - Text Entered into Provider Name
 INFO [2024-07-16 17:54:35,844] (%D:22) - Text got from Filtered Data
 INFO [2024-07-16 17:54:35,844] (%D:22) - Provider is deactivated
 INFO [2024-07-16 17:54:40,969] (%D:22) - Clicked on Inactive Provider
 INFO [2024-07-16 17:54:46,187] (%D:22) - Text Entered into Provider Name
 INFO [2024-07-16 17:54:46,325] (%D:22) - Clicked on Manage Provider
 INFO [2024-07-16 17:54:46,326] (%D:22) - Generates Random Numbers
 INFO [2024-07-16 17:54:51,544] (%D:22) - Text Entered into Other Contact Number
 INFO [2024-07-16 17:54:56,748] (%D:22) - Clicked on Update
 INFO [2024-07-16 17:55:01,883] (%D:22) - Clicked on Inactive Provider
 INFO [2024-07-16 17:55:02,043] (%D:22) - Text Entered into Filtered Data
 INFO [2024-07-16 17:55:02,175] (%D:22) - Clicked on Manage Provider
 INFO [2024-07-16 17:55:02,191] (%D:22) - Other Contact Number is updated
 INFO [2024-07-16 17:55:07,321] (%D:22) - Clicked on Activate
 INFO [2024-07-16 17:55:12,462] (%D:22) - Clicked on Filter
 INFO [2024-07-16 17:55:12,649] (%D:22) - Text Entered into Filtered Provider Name
 INFO [2024-07-16 17:55:12,700] (%D:22) - Text got from Filtered Data
 INFO [2024-07-16 17:55:12,700] (%D:22) - Provider is activated
 INFO [2024-07-16 17:55:12,701] (%D:17) - $$$$$$$$$$$$$$$$$$$$$$$$$$$$$$$$---END---$$$$$$$$$$$$$$$$$$$$$$$$$$$$$$$$$$$$$$$$$$$$$$
 INFO [2024-07-16 17:55:12,701] (%D:18) -     
 INFO [2024-07-16 17:55:12,776] (%D:10) - **********************************************************************************************
 INFO [2024-07-16 17:55:12,776] (%D:11) - $$$$$$$$$$$$$$$$$$$$$$$$$$$$$$$$Verify the Bulk Upload functionality      $$$$$$$$$$$$$$$$$$$$$$$$$$$$$$$$$$$$$$$$$$$$$$
 INFO [2024-07-16 17:55:12,776] (%D:12) - ***********************************************************************************************
 INFO [2024-07-16 17:55:37,389] (%D:30) - Element not available
 INFO [2024-07-16 17:55:37,599] (%D:17) - $$$$$$$$$$$$$$$$$$$$$$$$$$$$$$$$---END---$$$$$$$$$$$$$$$$$$$$$$$$$$$$$$$$$$$$$$$$$$$$$$
 INFO [2024-07-16 17:55:37,600] (%D:18) -     
 INFO [2024-07-16 17:58:50,845] (%D:10) - **********************************************************************************************
 INFO [2024-07-16 17:58:50,845] (%D:11) - $$$$$$$$$$$$$$$$$$$$$$$$$$$$$$$$Verify Add New Provider functionality status as Active      $$$$$$$$$$$$$$$$$$$$$$$$$$$$$$$$$$$$$$$$$$$$$$
 INFO [2024-07-16 17:58:50,845] (%D:12) - ***********************************************************************************************
 INFO [2024-07-16 17:59:01,496] (%D:22) - Clicked on clicked
 INFO [2024-07-16 17:59:01,638] (%D:22) - Text Entered into Enter Email id
 INFO [2024-07-16 17:59:01,739] (%D:22) - Clicked on clicked
 INFO [2024-07-16 17:59:01,826] (%D:22) - Text Entered into Enter password
 INFO [2024-07-16 17:59:01,953] (%D:22) - Clicked on Login
 INFO [2024-07-16 17:59:04,984] (%D:22) - User navigated to Homepage
 INFO [2024-07-16 17:59:10,292] (%D:22) - Clicked on 3rd Party Provider
 INFO [2024-07-16 17:59:10,806] (%D:22) - Clicked on Add New Provider button
 INFO [2024-07-16 17:59:10,806] (%D:22) - Generated Alphanumeric values
 INFO [2024-07-16 17:59:10,807] (%D:22) - Generated Alphanumeric values
 INFO [2024-07-16 17:59:10,811] (%D:22) - Generated Alphanumeric values
 INFO [2024-07-16 17:59:10,812] (%D:22) - Generated Alphanumeric values
 INFO [2024-07-16 17:59:10,813] (%D:22) - Generated Alphanumeric values
 INFO [2024-07-16 17:59:10,813] (%D:22) - Generated Alphanumeric values
 INFO [2024-07-16 17:59:10,998] (%D:22) - Text Entered into Mobile Number
 INFO [2024-07-16 17:59:11,242] (%D:22) - Text Entered into Other Contact Number
 INFO [2024-07-16 17:59:11,423] (%D:22) - Text Entered into Email Address
 INFO [2024-07-16 17:59:11,629] (%D:22) - Text Entered into Fax Number
 INFO [2024-07-16 17:59:11,872] (%D:22) - Text Entered into Vat Number
 INFO [2024-07-16 17:59:12,056] (%D:22) - Text Entered into Postal Code
 INFO [2024-07-16 17:59:12,185] (%D:22) - Clicked on Mobile Number
 INFO [2024-07-16 17:59:12,217] (%D:22) - Give Correct Mobile Number element is visible
 INFO [2024-07-16 17:59:12,234] (%D:22) - Give Correct Mobile Number element is visible
 INFO [2024-07-16 17:59:12,248] (%D:22) - Enter valid Email Address element is visible
 INFO [2024-07-16 17:59:12,263] (%D:22) - Give Correct Fax Number element is visible
 INFO [2024-07-16 17:59:12,276] (%D:22) - Give Correct Vat Number element is visible
 INFO [2024-07-16 17:59:12,290] (%D:22) - Give Correct Postal Code element is visible
 INFO [2024-07-16 17:59:17,530] (%D:22) - Clicked on Cancel button
 INFO [2024-07-16 17:59:17,693] (%D:22) - Clicked on Add New Provider button
 INFO [2024-07-16 17:59:17,693] (%D:22) - Generates Random Alphabets
 INFO [2024-07-16 17:59:17,861] (%D:22) - Text Entered into Provider Name
 INFO [2024-07-16 17:59:17,862] (%D:22) - Generates Random Numbers
 INFO [2024-07-16 17:59:18,010] (%D:22) - Text Entered into Mobile Number
 INFO [2024-07-16 17:59:18,010] (%D:22) - Generates Random Numbers
 INFO [2024-07-16 17:59:18,215] (%D:22) - Text Entered into Other Contact Number
 INFO [2024-07-16 17:59:18,215] (%D:22) - Generates Random Numbers
 INFO [2024-07-16 17:59:18,395] (%D:22) - Text Entered into Fax Number
 INFO [2024-07-16 17:59:18,395] (%D:22) - Generates Random Numbers
 INFO [2024-07-16 17:59:18,581] (%D:22) - Text Entered into Vat Number
 INFO [2024-07-16 17:59:18,581] (%D:22) - Generates Random Alphabets
 INFO [2024-07-16 17:59:19,056] (%D:22) - Text Entered into Street
 INFO [2024-07-16 17:59:19,057] (%D:22) - Generates Random Alphabets
 INFO [2024-07-16 17:59:19,494] (%D:22) - Text Entered into Street2
 INFO [2024-07-16 17:59:19,495] (%D:22) - Generates Random Numbers
 INFO [2024-07-16 17:59:19,648] (%D:22) - Text Entered into Postal Code
 INFO [2024-07-16 17:59:19,648] (%D:22) - Generates Random Alphabets
 INFO [2024-07-16 17:59:20,409] (%D:22) - Text Entered into Comments
 INFO [2024-07-16 17:59:20,492] (%D:22) - Clicked on Mobile Number
 INFO [2024-07-16 17:59:20,510] (%D:22) - Maximum 25 Characters Allowed element is visible
 INFO [2024-07-16 17:59:20,527] (%D:22) - Give Correct Mobile Number element is visible
 INFO [2024-07-16 17:59:20,540] (%D:22) - Give Correct Mobile Number element is visible
 INFO [2024-07-16 17:59:20,548] (%D:22) - Give Correct Fax Number element is visible
 INFO [2024-07-16 17:59:20,556] (%D:22) - Give Correct Vat Number element is visible
 INFO [2024-07-16 17:59:20,566] (%D:22) - Maximum 100 Characters Allowed element is visible
 INFO [2024-07-16 17:59:20,578] (%D:22) - Maximum 100 characters Allowed element is visible
 INFO [2024-07-16 17:59:20,586] (%D:22) - Give Correct Postal Code element is visible
 INFO [2024-07-16 17:59:20,599] (%D:22) - Maximum 250 characters allowed. element is visible
 INFO [2024-07-16 17:59:25,793] (%D:22) - Clicked on Cancel button
 INFO [2024-07-16 17:59:25,944] (%D:22) - Clicked on Add New Provider button
 INFO [2024-07-16 17:59:26,033] (%D:22) - Clicked on Save and Continue
 INFO [2024-07-16 17:59:26,045] (%D:22) - New provider is not created
 INFO [2024-07-16 17:59:31,250] (%D:22) - Clicked on Cancel button
 INFO [2024-07-16 17:59:31,377] (%D:22) - Clicked on Add New Provider button
 INFO [2024-07-16 17:59:31,669] (%D:22) - Text Entered into Provider Name
 INFO [2024-07-16 17:59:31,830] (%D:22) - Text Entered into Mobile Number
 INFO [2024-07-16 17:59:31,983] (%D:22) - Text Entered into Other Contact Number
 INFO [2024-07-16 17:59:32,200] (%D:22) - Text Entered into Email Address
 INFO [2024-07-16 17:59:32,377] (%D:22) - Text Entered into Fax Number
 INFO [2024-07-16 17:59:32,570] (%D:22) - Text Entered into Vat Number
 INFO [2024-07-16 17:59:32,744] (%D:22) - Clicked on Status
 INFO [2024-07-16 17:59:35,947] (%D:22) - Clicked on Active
 INFO [2024-07-16 17:59:39,247] (%D:22) - Text Entered into Street
 INFO [2024-07-16 17:59:39,475] (%D:22) - Text Entered into Street2
 INFO [2024-07-16 17:59:41,991] (%D:22) - Province is auto-populated
 INFO [2024-07-16 17:59:48,654] (%D:22) - Text Entered into Postal Code
 INFO [2024-07-16 17:59:48,882] (%D:22) - Text Entered into Comments
 INFO [2024-07-16 17:59:51,997] (%D:22) - Clicked on Save and Continue
 INFO [2024-07-16 17:59:59,427] (%D:22) - Text Entered into Filter
 INFO [2024-07-16 17:59:59,521] (%D:22) - Text got from Filtered Data
 INFO [2024-07-16 17:59:59,521] (%D:22) - New Active Provider is created successfully
 INFO [2024-07-16 17:59:59,644] (%D:22) - Clicked on Add New Provider button
 INFO [2024-07-16 17:59:59,869] (%D:22) - Text Entered into Provider Name
 INFO [2024-07-16 18:00:00,001] (%D:22) - Text Entered into Mobile Number
 INFO [2024-07-16 18:00:00,150] (%D:22) - Text Entered into Other Contact Number
 INFO [2024-07-16 18:00:00,312] (%D:22) - Text Entered into Email Address
 INFO [2024-07-16 18:00:00,453] (%D:22) - Text Entered into Fax Number
 INFO [2024-07-16 18:00:00,576] (%D:22) - Text Entered into Vat Number
 INFO [2024-07-16 18:00:00,640] (%D:22) - Clicked on Status
 INFO [2024-07-16 18:00:03,786] (%D:22) - Clicked on Active
 INFO [2024-07-16 18:00:07,186] (%D:22) - Text Entered into Street
 INFO [2024-07-16 18:00:07,447] (%D:22) - Text Entered into Street2
 INFO [2024-07-16 18:00:09,896] (%D:22) - Province is auto-populated
 INFO [2024-07-16 18:00:16,546] (%D:22) - Text Entered into Postal Code
 INFO [2024-07-16 18:00:16,727] (%D:22) - Text Entered into Comments
 INFO [2024-07-16 18:00:19,984] (%D:22) - Clicked on Save and Continue
 INFO [2024-07-16 18:00:22,032] (%D:22) - New Provider is not created
 INFO [2024-07-16 18:00:22,037] (%D:17) - $$$$$$$$$$$$$$$$$$$$$$$$$$$$$$$$---END---$$$$$$$$$$$$$$$$$$$$$$$$$$$$$$$$$$$$$$$$$$$$$$
 INFO [2024-07-16 18:00:22,038] (%D:18) -     
 INFO [2024-07-16 18:00:22,159] (%D:10) - **********************************************************************************************
 INFO [2024-07-16 18:00:22,159] (%D:11) - $$$$$$$$$$$$$$$$$$$$$$$$$$$$$$$$Verify Add New Provider functionality status as Inactive      $$$$$$$$$$$$$$$$$$$$$$$$$$$$$$$$$$$$$$$$$$$$$$
 INFO [2024-07-16 18:00:22,159] (%D:12) - ***********************************************************************************************
 INFO [2024-07-16 18:00:29,056] (%D:22) - Clicked on clicked
 INFO [2024-07-16 18:00:29,176] (%D:22) - Text Entered into Enter Email id
 INFO [2024-07-16 18:00:29,263] (%D:22) - Clicked on clicked
 INFO [2024-07-16 18:00:29,356] (%D:22) - Text Entered into Enter password
 INFO [2024-07-16 18:00:29,448] (%D:22) - Clicked on Login
 INFO [2024-07-16 18:00:32,466] (%D:22) - User navigated to Homepage
 INFO [2024-07-16 18:00:37,663] (%D:22) - Clicked on 3rd Party Provider
 INFO [2024-07-16 18:00:37,965] (%D:22) - Clicked on Add New Provider button
 INFO [2024-07-16 18:00:38,412] (%D:22) - Text Entered into Provider Name
 INFO [2024-07-16 18:00:38,585] (%D:22) - Text Entered into Mobile Number
 INFO [2024-07-16 18:00:38,744] (%D:22) - Text Entered into Other Contact Number
 INFO [2024-07-16 18:00:39,108] (%D:22) - Text Entered into Email Address
 INFO [2024-07-16 18:00:39,292] (%D:22) - Text Entered into Fax Number
 INFO [2024-07-16 18:00:39,470] (%D:22) - Text Entered into Vat Number
 INFO [2024-07-16 18:00:39,578] (%D:22) - Clicked on Status
 INFO [2024-07-16 18:00:42,781] (%D:22) - Clicked on Inactive
 INFO [2024-07-16 18:00:46,165] (%D:22) - Text Entered into Street
 INFO [2024-07-16 18:00:46,468] (%D:22) - Text Entered into Street2
 INFO [2024-07-16 18:00:49,022] (%D:22) - Province is auto-populated
 INFO [2024-07-16 18:00:55,731] (%D:22) - Text Entered into Postal Code
 INFO [2024-07-16 18:00:55,947] (%D:22) - Text Entered into Comments
 INFO [2024-07-16 18:00:59,077] (%D:22) - Clicked on Save and Continue
 INFO [2024-07-16 18:01:04,244] (%D:22) - Clicked on Inactive Provider
 INFO [2024-07-16 18:01:09,425] (%D:22) - Text Entered into Filter
 INFO [2024-07-16 18:01:09,486] (%D:22) - Text got from Filtered Data
 INFO [2024-07-16 18:01:09,486] (%D:22) - New Inactive Provider is created successfully
 INFO [2024-07-16 18:01:09,486] (%D:17) - $$$$$$$$$$$$$$$$$$$$$$$$$$$$$$$$---END---$$$$$$$$$$$$$$$$$$$$$$$$$$$$$$$$$$$$$$$$$$$$$$
 INFO [2024-07-16 18:01:09,486] (%D:18) -     
 INFO [2024-07-16 18:01:09,563] (%D:10) - **********************************************************************************************
 INFO [2024-07-16 18:01:09,563] (%D:11) - $$$$$$$$$$$$$$$$$$$$$$$$$$$$$$$$Verify the Active Providers and Inactive Providers filter functionality      $$$$$$$$$$$$$$$$$$$$$$$$$$$$$$$$$$$$$$$$$$$$$$
 INFO [2024-07-16 18:01:09,563] (%D:12) - ***********************************************************************************************
 INFO [2024-07-16 18:01:16,676] (%D:22) - Clicked on clicked
 INFO [2024-07-16 18:01:16,784] (%D:22) - Text Entered into Enter Email id
 INFO [2024-07-16 18:01:16,868] (%D:22) - Clicked on clicked
 INFO [2024-07-16 18:01:16,944] (%D:22) - Text Entered into Enter password
 INFO [2024-07-16 18:01:17,032] (%D:22) - Clicked on Login
 INFO [2024-07-16 18:01:20,059] (%D:22) - User navigated to Homepage
 INFO [2024-07-16 18:01:25,361] (%D:22) - Clicked on 3rd Party Provider
 INFO [2024-07-16 18:01:31,149] (%D:22) - Text Entered into Filter
 INFO [2024-07-16 18:01:31,205] (%D:22) - Text got from Filtered Data
 INFO [2024-07-16 18:01:31,206] (%D:22) - Active Provider Name is visible under filter
 INFO [2024-07-16 18:01:31,206] (%D:22) - Generates Random Alphabets
 INFO [2024-07-16 18:01:31,360] (%D:22) - Text Entered into Filter
 INFO [2024-07-16 18:01:36,401] (%D:22) -  No data matching the filter element is visible
 INFO [2024-07-16 18:01:41,546] (%D:22) - Clicked on Inactive Provider
 INFO [2024-07-16 18:01:44,830] (%D:22) - Text Entered into Inactive Filter
 INFO [2024-07-16 18:01:44,873] (%D:22) - Text got from Filtered Data
 INFO [2024-07-16 18:01:44,873] (%D:22) - Inactive Provider Name is visible
 INFO [2024-07-16 18:01:44,874] (%D:22) - Generates Random Alphabets
 INFO [2024-07-16 18:01:48,052] (%D:22) - Text Entered into Filter
 INFO [2024-07-16 18:01:48,066] (%D:22) -  No data matching the filter element is visible
 INFO [2024-07-16 18:01:48,168] (%D:22) - Clicked on Items Dropdown
 INFO [2024-07-16 18:01:50,346] (%D:22) - Clicked on Items Dropdown Option
 INFO [2024-07-16 18:01:50,346] (%D:17) - $$$$$$$$$$$$$$$$$$$$$$$$$$$$$$$$---END---$$$$$$$$$$$$$$$$$$$$$$$$$$$$$$$$$$$$$$$$$$$$$$
 INFO [2024-07-16 18:01:50,347] (%D:18) -     
 INFO [2024-07-16 18:01:50,416] (%D:10) - **********************************************************************************************
 INFO [2024-07-16 18:01:50,416] (%D:11) - $$$$$$$$$$$$$$$$$$$$$$$$$$$$$$$$Verify the Manage Provider functionality of Active Providers and Inactive Providers      $$$$$$$$$$$$$$$$$$$$$$$$$$$$$$$$$$$$$$$$$$$$$$
 INFO [2024-07-16 18:01:50,416] (%D:12) - ***********************************************************************************************
 INFO [2024-07-16 18:01:58,383] (%D:22) - Clicked on clicked
 INFO [2024-07-16 18:01:58,497] (%D:22) - Text Entered into Enter Email id
 INFO [2024-07-16 18:01:58,581] (%D:22) - Clicked on clicked
 INFO [2024-07-16 18:01:58,653] (%D:22) - Text Entered into Enter password
 INFO [2024-07-16 18:01:58,728] (%D:22) - Clicked on Login
 INFO [2024-07-16 18:02:01,764] (%D:22) - User navigated to Homepage
 INFO [2024-07-16 18:02:07,088] (%D:22) - Clicked on 3rd Party Provider
 INFO [2024-07-16 18:02:12,333] (%D:22) - Text Entered into Provider Name
 INFO [2024-07-16 18:02:12,516] (%D:22) - Clicked on Manage Provider
 INFO [2024-07-16 18:02:12,516] (%D:22) - Generates Random Numbers
 INFO [2024-07-16 18:02:15,809] (%D:22) - Text Entered into Vat Number
 INFO [2024-07-16 18:02:20,989] (%D:22) - Clicked on Update
 INFO [2024-07-16 18:02:27,188] (%D:22) - Text Entered into Provider Name
 INFO [2024-07-16 18:02:27,343] (%D:22) - Clicked on Manage Provider
 INFO [2024-07-16 18:02:33,415] (%D:22) - Vat Number is updated
 INFO [2024-07-16 18:02:38,551] (%D:22) - Clicked on Deactivate Button
 INFO [2024-07-16 18:02:43,744] (%D:22) - Clicked on Inactive Provider
 INFO [2024-07-16 18:02:43,930] (%D:22) - Text Entered into Provider Name
 INFO [2024-07-16 18:02:43,983] (%D:22) - Text got from Filtered Data
 INFO [2024-07-16 18:02:43,983] (%D:22) - Provider is deactivated
 INFO [2024-07-16 18:02:49,118] (%D:22) - Clicked on Inactive Provider
 INFO [2024-07-16 18:02:54,338] (%D:22) - Text Entered into Provider Name
 INFO [2024-07-16 18:02:54,499] (%D:22) - Clicked on Manage Provider
 INFO [2024-07-16 18:02:54,504] (%D:22) - Generates Random Numbers
 INFO [2024-07-16 18:02:59,722] (%D:22) - Text Entered into Other Contact Number
 INFO [2024-07-16 18:03:04,829] (%D:22) - Clicked on Update
 INFO [2024-07-16 18:03:09,974] (%D:22) - Clicked on Inactive Provider
 INFO [2024-07-16 18:03:10,148] (%D:22) - Text Entered into Filtered Data
 INFO [2024-07-16 18:03:10,251] (%D:22) - Clicked on Manage Provider
 INFO [2024-07-16 18:03:10,297] (%D:22) - Other Contact Number is updated
 INFO [2024-07-16 18:03:15,408] (%D:22) - Clicked on Activate
 INFO [2024-07-16 18:03:20,622] (%D:22) - Clicked on Filter
 INFO [2024-07-16 18:03:20,768] (%D:22) - Text Entered into Filtered Provider Name
 INFO [2024-07-16 18:03:20,792] (%D:22) - Text got from Filtered Data
 INFO [2024-07-16 18:03:20,792] (%D:22) - Provider is activated
 INFO [2024-07-16 18:03:20,792] (%D:17) - $$$$$$$$$$$$$$$$$$$$$$$$$$$$$$$$---END---$$$$$$$$$$$$$$$$$$$$$$$$$$$$$$$$$$$$$$$$$$$$$$
 INFO [2024-07-16 18:03:20,792] (%D:18) -     
 INFO [2024-07-16 18:03:20,850] (%D:10) - **********************************************************************************************
 INFO [2024-07-16 18:03:20,850] (%D:11) - $$$$$$$$$$$$$$$$$$$$$$$$$$$$$$$$Verify the Bulk Upload functionality      $$$$$$$$$$$$$$$$$$$$$$$$$$$$$$$$$$$$$$$$$$$$$$
 INFO [2024-07-16 18:03:20,850] (%D:12) - ***********************************************************************************************
 INFO [2024-07-16 18:03:27,797] (%D:22) - Clicked on clicked
 INFO [2024-07-16 18:03:27,921] (%D:22) - Text Entered into Enter Email id
 INFO [2024-07-16 18:03:27,999] (%D:22) - Clicked on clicked
 INFO [2024-07-16 18:03:28,072] (%D:22) - Text Entered into Enter password
 INFO [2024-07-16 18:03:28,165] (%D:22) - Clicked on Login
 INFO [2024-07-16 18:03:31,182] (%D:22) - User navigated to Homepage
 INFO [2024-07-16 18:03:36,466] (%D:22) - Clicked on 3rd Party Provider
 INFO [2024-07-16 18:03:41,704] (%D:22) - Clicked on Bulk Upload
 INFO [2024-07-16 18:03:47,796] (%D:22) - File is selected Sucessfully
 INFO [2024-07-16 18:03:47,882] (%D:22) - Clicked on Submit
 INFO [2024-07-16 18:03:49,929] (%D:22) - Bulk upload file is uploaded
 INFO [2024-07-16 18:03:55,157] (%D:22) - Clicked on Bulk Upload
 INFO [2024-07-16 18:03:58,247] (%D:22) - File is selected Sucessfully
 INFO [2024-07-16 18:03:58,324] (%D:22) - Clicked on Submit
 INFO [2024-07-16 18:03:58,339] (%D:22) - Invalid bulk upload file is not uploaded
 INFO [2024-07-16 18:04:03,428] (%D:22) - Clicked on Cancel
 INFO [2024-07-16 18:04:08,563] (%D:22) - Clicked on Bulk Upload
 INFO [2024-07-16 18:04:14,635] (%D:22) - File is selected Sucessfully
 INFO [2024-07-16 18:04:14,694] (%D:22) - Clicked on Submit
 INFO [2024-07-16 18:04:14,709] (%D:22) - Null file upload file is not uploaded
 INFO [2024-07-16 18:04:14,709] (%D:17) - $$$$$$$$$$$$$$$$$$$$$$$$$$$$$$$$---END---$$$$$$$$$$$$$$$$$$$$$$$$$$$$$$$$$$$$$$$$$$$$$$
 INFO [2024-07-16 18:04:14,709] (%D:18) -     
 INFO [2024-07-16 18:04:53,660] (%D:10) - **********************************************************************************************
 INFO [2024-07-16 18:04:53,675] (%D:11) - $$$$$$$$$$$$$$$$$$$$$$$$$$$$$$$$Verify the Add Role functionality      $$$$$$$$$$$$$$$$$$$$$$$$$$$$$$$$$$$$$$$$$$$$$$
 INFO [2024-07-16 18:04:53,675] (%D:12) - ***********************************************************************************************
 INFO [2024-07-16 18:05:02,319] (%D:22) - Clicked on clicked
 INFO [2024-07-16 18:05:02,456] (%D:22) - Text Entered into Enter Email id
 INFO [2024-07-16 18:05:02,623] (%D:22) - Clicked on clicked
 INFO [2024-07-16 18:05:02,718] (%D:22) - Text Entered into Enter password
 INFO [2024-07-16 18:05:02,809] (%D:22) - Clicked on Login
 INFO [2024-07-16 18:05:05,854] (%D:22) - User navigated to Homepage
 INFO [2024-07-16 18:05:11,091] (%D:22) - Clicked on Manage ACL Roles
 INFO [2024-07-16 18:05:11,297] (%D:22) - Clicked on Add Role
 INFO [2024-07-16 18:05:11,503] (%D:22) - Clicked on Add
 INFO [2024-07-16 18:05:11,518] (%D:22) - New Role is not created
 INFO [2024-07-16 18:05:11,712] (%D:22) - Clicked on Close
 INFO [2024-07-16 18:05:11,861] (%D:22) - Clicked on Add Role
 INFO [2024-07-16 18:05:12,200] (%D:22) - Text Entered into Name
 INFO [2024-07-16 18:05:13,407] (%D:22) - Clicked on Add
 INFO [2024-07-16 18:05:19,323] (%D:22) - Text Entered into Filter
 INFO [2024-07-16 18:05:19,375] (%D:22) - Text got from Role
 INFO [2024-07-16 18:05:19,375] (%D:22) - New role is created
 INFO [2024-07-16 18:05:19,514] (%D:22) - Clicked on Manage Role
 INFO [2024-07-16 18:05:25,968] (%D:22) - Text Entered into Name
 INFO [2024-07-16 18:05:26,069] (%D:22) - Clicked on Update
 INFO [2024-07-16 18:05:31,464] (%D:22) - Text Entered into Filter
 INFO [2024-07-16 18:05:31,479] (%D:22) - Name is updated
 INFO [2024-07-16 18:05:31,593] (%D:22) - Clicked on User Button
 INFO [2024-07-16 18:05:31,610] (%D:22) - User Navigated to Manage ACL User page
 INFO [2024-07-16 18:05:31,612] (%D:17) - $$$$$$$$$$$$$$$$$$$$$$$$$$$$$$$$---END---$$$$$$$$$$$$$$$$$$$$$$$$$$$$$$$$$$$$$$$$$$$$$$
 INFO [2024-07-16 18:05:31,612] (%D:18) -     
 INFO [2024-07-16 18:05:31,867] (%D:10) - **********************************************************************************************
 INFO [2024-07-16 18:05:31,868] (%D:11) - $$$$$$$$$$$$$$$$$$$$$$$$$$$$$$$$Verify the Filter functionality      $$$$$$$$$$$$$$$$$$$$$$$$$$$$$$$$$$$$$$$$$$$$$$
 INFO [2024-07-16 18:05:31,881] (%D:12) - ***********************************************************************************************
 INFO [2024-07-16 18:05:39,618] (%D:22) - Clicked on clicked
 INFO [2024-07-16 18:05:39,736] (%D:22) - Text Entered into Enter Email id
 INFO [2024-07-16 18:05:39,815] (%D:22) - Clicked on clicked
 INFO [2024-07-16 18:05:39,906] (%D:22) - Text Entered into Enter password
 INFO [2024-07-16 18:05:39,991] (%D:22) - Clicked on Login
 INFO [2024-07-16 18:05:43,021] (%D:22) - User navigated to Homepage
 INFO [2024-07-16 18:05:48,257] (%D:22) - Clicked on Manage ACL Roles
 INFO [2024-07-16 18:05:53,830] (%D:22) - Text Entered into Filter
 INFO [2024-07-16 18:05:53,844] (%D:22) - Role details are visible
 INFO [2024-07-16 18:05:53,844] (%D:22) - Generates Random Alphabets
 INFO [2024-07-16 18:05:53,989] (%D:22) - Text Entered into Filter
 INFO [2024-07-16 18:05:57,021] (%D:22) - No data matching the filter element is visible
 INFO [2024-07-16 18:05:57,157] (%D:22) - Clicked on Items Dropdown
 INFO [2024-07-16 18:05:59,303] (%D:22) - Clicked on Items Dropdown Option
 INFO [2024-07-16 18:05:59,303] (%D:17) - $$$$$$$$$$$$$$$$$$$$$$$$$$$$$$$$---END---$$$$$$$$$$$$$$$$$$$$$$$$$$$$$$$$$$$$$$$$$$$$$$
 INFO [2024-07-16 18:05:59,304] (%D:18) -     
 INFO [2024-07-16 18:07:00,407] (%D:10) - **********************************************************************************************
 INFO [2024-07-16 18:07:00,407] (%D:11) - $$$$$$$$$$$$$$$$$$$$$$$$$$$$$$$$Verify the Add New User functionality      $$$$$$$$$$$$$$$$$$$$$$$$$$$$$$$$$$$$$$$$$$$$$$
 INFO [2024-07-16 18:07:00,407] (%D:12) - ***********************************************************************************************
 INFO [2024-07-16 18:07:08,910] (%D:22) - Clicked on clicked
 INFO [2024-07-16 18:07:09,031] (%D:22) - Text Entered into Enter Email id
 INFO [2024-07-16 18:07:09,123] (%D:22) - Clicked on clicked
 INFO [2024-07-16 18:07:09,202] (%D:22) - Text Entered into Enter password
 INFO [2024-07-16 18:07:09,295] (%D:22) - Clicked on Login
 INFO [2024-07-16 18:07:12,337] (%D:22) - User navigated to Homepage
 INFO [2024-07-16 18:07:22,707] (%D:22) - Clicked on Manage ACL Users
 INFO [2024-07-16 18:07:22,917] (%D:22) - Clicked on Add New User
 INFO [2024-07-16 18:07:22,917] (%D:22) - Generated Alphanumeric values
 INFO [2024-07-16 18:07:22,917] (%D:22) - Generated Alphanumeric values
 INFO [2024-07-16 18:07:22,917] (%D:22) - Generated Alphanumeric values
 INFO [2024-07-16 18:07:22,917] (%D:22) - Generated Alphanumeric values
 INFO [2024-07-16 18:07:23,176] (%D:22) - Text Entered into First Name
 INFO [2024-07-16 18:07:23,369] (%D:22) - Text Entered into Email Address
 INFO [2024-07-16 18:07:23,521] (%D:22) - Text Entered into Last Name
 INFO [2024-07-16 18:07:23,689] (%D:22) - Text Entered into Mobile Number
 INFO [2024-07-16 18:07:23,765] (%D:22) - Clicked on First Name
 INFO [2024-07-16 18:07:23,792] (%D:22) - Give correct name element is visible
 INFO [2024-07-16 18:07:23,807] (%D:22) - Invalid Email Format element is visible
 INFO [2024-07-16 18:07:23,823] (%D:22) - Give correct name element is visible
 INFO [2024-07-16 18:07:23,834] (%D:22) - Give Correct Mobile Number element is visible
 INFO [2024-07-16 18:07:23,971] (%D:22) - Clicked on Cancel Button
 INFO [2024-07-16 18:07:24,091] (%D:22) - Clicked on Add New User
 INFO [2024-07-16 18:07:24,092] (%D:22) - Generated Alphanumeric values
 INFO [2024-07-16 18:07:24,092] (%D:22) - Generated Alphanumeric values
 INFO [2024-07-16 18:07:24,093] (%D:22) - Generated Alphanumeric values
 INFO [2024-07-16 18:07:24,093] (%D:22) - Generated Alphanumeric values
 INFO [2024-07-16 18:07:24,093] (%D:22) - Generated Alphanumeric values
 INFO [2024-07-16 18:07:24,259] (%D:22) - Text Entered into First Name
 INFO [2024-07-16 18:07:24,409] (%D:22) - Text Entered into Password
 INFO [2024-07-16 18:07:24,599] (%D:22) - Text Entered into Last Name
 INFO [2024-07-16 18:07:24,754] (%D:22) - Text Entered into Mobile Number
 INFO [2024-07-16 18:07:24,888] (%D:22) - Text Entered into Confirm Password
 INFO [2024-07-16 18:07:24,973] (%D:22) - Clicked on First Name
 INFO [2024-07-16 18:07:24,979] (%D:22) - Generated Alphanumeric values
 INFO [2024-07-16 18:07:24,979] (%D:22) - Generated Alphanumeric values
 INFO [2024-07-16 18:07:24,999] (%D:22) - Maximum 25 characters allowed is visible
 INFO [2024-07-16 18:07:25,013] (%D:22) - Minimum 6 Characters Allowed is visible
 INFO [2024-07-16 18:07:25,026] (%D:22) - Maximum 25 characters allowed is visible
 INFO [2024-07-16 18:07:25,032] (%D:22) - Give Correct Mobile Number is visible
 INFO [2024-07-16 18:07:25,045] (%D:22) - Minimum 6 characters allowed is visible
 INFO [2024-07-16 18:07:25,204] (%D:22) - Text Entered into First Name
 INFO [2024-07-16 18:07:25,387] (%D:22) - Text Entered into Last Name
 INFO [2024-07-16 18:07:25,438] (%D:22) - Clicked on First Name
 INFO [2024-07-16 18:07:25,469] (%D:22) - Minimum 3 Characters Required element is visible
 INFO [2024-07-16 18:07:25,472] (%D:22) - Minimum 3 Characters Required element is visible
 INFO [2024-07-16 18:07:25,603] (%D:22) - Clicked on Cancel Button
 INFO [2024-07-16 18:07:25,721] (%D:22) - Clicked on Add New User
 INFO [2024-07-16 18:07:25,808] (%D:22) - Clicked on Add
 INFO [2024-07-16 18:07:25,823] (%D:22) - New user is not created with null data
 INFO [2024-07-16 18:07:25,944] (%D:22) - Clicked on Cancel Button
 INFO [2024-07-16 18:07:26,054] (%D:22) - Clicked on Add New User
 INFO [2024-07-16 18:07:26,279] (%D:22) - Text Entered into First Name
 INFO [2024-07-16 18:07:26,444] (%D:22) - Text Entered into Email Address
 INFO [2024-07-16 18:07:26,590] (%D:22) - Text Entered into Password
 INFO [2024-07-16 18:07:28,986] (%D:22) - Clicked on Admin
 INFO [2024-07-16 18:07:29,154] (%D:22) - Text Entered into Last Name
 INFO [2024-07-16 18:07:29,307] (%D:22) - Text Entered into Mobile Number
 INFO [2024-07-16 18:07:29,460] (%D:22) - Text Entered into Confirm Password
 INFO [2024-07-16 18:07:32,015] (%D:22) - Clicked on Add
 INFO [2024-07-16 18:07:38,324] (%D:22) - Text Entered into Filter
 INFO [2024-07-16 18:07:38,331] (%D:22) - New User is created
 INFO [2024-07-16 18:07:38,470] (%D:22) - Clicked on Add New User
 INFO [2024-07-16 18:07:38,664] (%D:22) - Text Entered into First Name
 INFO [2024-07-16 18:07:38,797] (%D:22) - Text Entered into Email Address
 INFO [2024-07-16 18:07:38,905] (%D:22) - Text Entered into Password
 INFO [2024-07-16 18:07:43,181] (%D:22) - Clicked on Admin
 INFO [2024-07-16 18:07:43,315] (%D:22) - Text Entered into Last Name
 INFO [2024-07-16 18:07:43,446] (%D:22) - Text Entered into Mobile Number
 INFO [2024-07-16 18:07:43,564] (%D:22) - Text Entered into Confirm Password
 INFO [2024-07-16 18:07:46,077] (%D:22) - Clicked on Add
 INFO [2024-07-16 18:07:50,124] (%D:22) - New User is not created
 INFO [2024-07-16 18:07:50,124] (%D:17) - $$$$$$$$$$$$$$$$$$$$$$$$$$$$$$$$---END---$$$$$$$$$$$$$$$$$$$$$$$$$$$$$$$$$$$$$$$$$$$$$$
 INFO [2024-07-16 18:07:50,124] (%D:18) -     
 INFO [2024-07-16 18:07:50,232] (%D:10) - **********************************************************************************************
 INFO [2024-07-16 18:07:50,232] (%D:11) - $$$$$$$$$$$$$$$$$$$$$$$$$$$$$$$$Verify the Filter functionality      $$$$$$$$$$$$$$$$$$$$$$$$$$$$$$$$$$$$$$$$$$$$$$
 INFO [2024-07-16 18:07:50,233] (%D:12) - ***********************************************************************************************
 INFO [2024-07-16 18:07:57,438] (%D:22) - Clicked on clicked
 INFO [2024-07-16 18:07:57,542] (%D:22) - Text Entered into Enter Email id
 INFO [2024-07-16 18:07:57,620] (%D:22) - Clicked on clicked
 INFO [2024-07-16 18:07:57,691] (%D:22) - Text Entered into Enter password
 INFO [2024-07-16 18:07:57,774] (%D:22) - Clicked on Login
 INFO [2024-07-16 18:08:00,798] (%D:22) - User navigated to Homepage
 INFO [2024-07-16 18:08:11,070] (%D:22) - Clicked on Manage ACL Users
 INFO [2024-07-16 18:08:16,681] (%D:22) - Text Entered into Filter
 INFO [2024-07-16 18:08:19,718] (%D:22) - ACL User details are visible
 INFO [2024-07-16 18:08:19,718] (%D:22) - Generated Alphanumeric values
 INFO [2024-07-16 18:08:24,990] (%D:22) - Text Entered into Filter
 INFO [2024-07-16 18:08:25,016] (%D:22) -  No data matching the filter error message is visible
 INFO [2024-07-16 18:08:25,120] (%D:22) - Clicked on Items Dropdown
 INFO [2024-07-16 18:08:27,236] (%D:22) - Clicked on Items Dropdown Option
 INFO [2024-07-16 18:08:27,236] (%D:17) - $$$$$$$$$$$$$$$$$$$$$$$$$$$$$$$$---END---$$$$$$$$$$$$$$$$$$$$$$$$$$$$$$$$$$$$$$$$$$$$$$
 INFO [2024-07-16 18:08:27,246] (%D:18) -     
 INFO [2024-07-16 18:08:27,315] (%D:10) - **********************************************************************************************
 INFO [2024-07-16 18:08:27,315] (%D:11) - $$$$$$$$$$$$$$$$$$$$$$$$$$$$$$$$Verify the Manage ACL User functionality      $$$$$$$$$$$$$$$$$$$$$$$$$$$$$$$$$$$$$$$$$$$$$$
 INFO [2024-07-16 18:08:27,316] (%D:12) - ***********************************************************************************************
 INFO [2024-07-16 18:08:34,658] (%D:22) - Clicked on clicked
 INFO [2024-07-16 18:08:34,770] (%D:22) - Text Entered into Enter Email id
 INFO [2024-07-16 18:08:34,842] (%D:22) - Clicked on clicked
 INFO [2024-07-16 18:08:34,914] (%D:22) - Text Entered into Enter password
 INFO [2024-07-16 18:08:34,993] (%D:22) - Clicked on Login
 INFO [2024-07-16 18:08:38,037] (%D:22) - User navigated to Homepage
 INFO [2024-07-16 18:08:48,287] (%D:22) - Clicked on Manage ACL Users
 INFO [2024-07-16 18:08:53,794] (%D:22) - Text Entered into Filter
 INFO [2024-07-16 18:08:56,933] (%D:22) - Clicked on Manage ACL User
 INFO [2024-07-16 18:08:56,934] (%D:22) - Generates Random Numbers
 INFO [2024-07-16 18:09:00,192] (%D:22) - Text Entered into Mobile Number
 INFO [2024-07-16 18:09:05,329] (%D:22) - Clicked on Update
 INFO [2024-07-16 18:09:12,672] (%D:22) - Text Entered into Filter
 INFO [2024-07-16 18:09:12,770] (%D:22) - Clicked on Manage ACL User
 INFO [2024-07-16 18:09:18,818] (%D:22) - Mobile Number is updated
 INFO [2024-07-16 18:09:18,819] (%D:17) - $$$$$$$$$$$$$$$$$$$$$$$$$$$$$$$$---END---$$$$$$$$$$$$$$$$$$$$$$$$$$$$$$$$$$$$$$$$$$$$$$
 INFO [2024-07-16 18:09:18,821] (%D:18) -     
 INFO [2024-07-16 18:09:53,722] (%D:10) - **********************************************************************************************
 INFO [2024-07-16 18:09:53,722] (%D:11) - $$$$$$$$$$$$$$$$$$$$$$$$$$$$$$$$Verify the Manager Login functionality      $$$$$$$$$$$$$$$$$$$$$$$$$$$$$$$$$$$$$$$$$$$$$$
 INFO [2024-07-16 18:09:53,722] (%D:12) - ***********************************************************************************************
 INFO [2024-07-16 18:10:02,433] (%D:22) - Clicked on Log in as Employee
 INFO [2024-07-16 18:10:02,434] (%D:22) - Generated Alphanumeric values
 INFO [2024-07-16 18:10:02,601] (%D:22) - Text Entered into PIN
 INFO [2024-07-16 18:10:02,690] (%D:22) - Clicked on Login
 INFO [2024-07-16 18:10:02,706] (%D:22) - User is not navigated to Homepage
 INFO [2024-07-16 18:10:02,824] (%D:22) - Clicked on Login
 INFO [2024-07-16 18:10:02,831] (%D:22) - User is not navigated to Homepage
 INFO [2024-07-16 18:10:03,940] (%D:22) - Text Entered into PIN
 INFO [2024-07-16 18:10:04,026] (%D:22) - Clicked on Login
 INFO [2024-07-16 18:10:04,036] (%D:22) - User is navigated to Homepage
 INFO [2024-07-16 18:10:10,721] (%D:22) - Clicked on Settings
 INFO [2024-07-16 18:10:10,928] (%D:22) - Clicked on Logout
 INFO [2024-07-16 18:10:11,025] (%D:22) - User is navigated to Login page
 INFO [2024-07-16 18:10:11,027] (%D:17) - $$$$$$$$$$$$$$$$$$$$$$$$$$$$$$$$---END---$$$$$$$$$$$$$$$$$$$$$$$$$$$$$$$$$$$$$$$$$$$$$$
 INFO [2024-07-16 18:10:11,027] (%D:18) -     
 INFO [2024-07-16 18:10:11,269] (%D:10) - **********************************************************************************************
 INFO [2024-07-16 18:10:11,269] (%D:11) - $$$$$$$$$$$$$$$$$$$$$$$$$$$$$$$$Verify the Forgot PIN functionality      $$$$$$$$$$$$$$$$$$$$$$$$$$$$$$$$$$$$$$$$$$$$$$
 INFO [2024-07-16 18:10:11,269] (%D:12) - ***********************************************************************************************
 INFO [2024-07-16 18:10:18,284] (%D:22) - Clicked on Log in as Employee
 INFO [2024-07-16 18:10:18,410] (%D:22) - Clicked on Forgot PIN
 INFO [2024-07-16 18:10:18,411] (%D:22) - Generated Alphanumeric values
 INFO [2024-07-16 18:10:18,571] (%D:22) - Text Entered into Invalid Employee ID
 INFO [2024-07-16 18:10:18,654] (%D:22) - Clicked on Request New Pin
 INFO [2024-07-16 18:10:22,684] (%D:22) - Error message displayed
 INFO [2024-07-16 18:10:22,805] (%D:22) - Clicked on Go To Login
 INFO [2024-07-16 18:10:22,913] (%D:22) - Clicked on Forgot PIN
 INFO [2024-07-16 18:10:22,997] (%D:22) - Clicked on Request New Pin
 INFO [2024-07-16 18:10:23,007] (%D:22) - Error message displayed
 INFO [2024-07-16 18:10:23,102] (%D:22) - Clicked on Go To Login
 INFO [2024-07-16 18:10:23,201] (%D:22) - Clicked on Forgot PIN
 INFO [2024-07-16 18:10:23,278] (%D:22) - Clicked on Request New Pin
 INFO [2024-07-16 18:10:23,278] (%D:17) - $$$$$$$$$$$$$$$$$$$$$$$$$$$$$$$$---END---$$$$$$$$$$$$$$$$$$$$$$$$$$$$$$$$$$$$$$$$$$$$$$
 INFO [2024-07-16 18:10:23,279] (%D:18) -     
 INFO [2024-07-16 18:10:39,750] (%D:10) - **********************************************************************************************
 INFO [2024-07-16 18:10:39,754] (%D:11) - $$$$$$$$$$$$$$$$$$$$$$$$$$$$$$$$Verify the Manager Home module functionality      $$$$$$$$$$$$$$$$$$$$$$$$$$$$$$$$$$$$$$$$$$$$$$
 INFO [2024-07-16 18:10:39,755] (%D:12) - ***********************************************************************************************
 INFO [2024-07-16 18:10:47,627] (%D:22) - Clicked on Log in as Employee
 INFO [2024-07-16 18:10:48,560] (%D:22) - Text Entered into PIN
 INFO [2024-07-16 18:10:48,800] (%D:22) - Clicked on Login
 INFO [2024-07-16 18:10:48,818] (%D:22) - User is navigated to Homepage
 INFO [2024-07-16 18:10:54,111] (%D:22) - Clicked on Dashboard tab
 INFO [2024-07-16 18:10:54,407] (%D:22) - Clicked on Shifts tab
 INFO [2024-07-16 18:10:55,067] (%D:22) - Clicked on Job Cards & Tasks tab
 INFO [2024-07-16 18:10:55,692] (%D:22) - Clicked on Themes
 INFO [2024-07-16 18:10:55,855] (%D:22) - Clicked on Green Theme
 INFO [2024-07-16 18:10:55,977] (%D:22) - Clicked on Settings Button
 INFO [2024-07-16 18:10:56,207] (%D:22) - Clicked on Logout
 INFO [2024-07-16 18:10:56,212] (%D:17) - $$$$$$$$$$$$$$$$$$$$$$$$$$$$$$$$---END---$$$$$$$$$$$$$$$$$$$$$$$$$$$$$$$$$$$$$$$$$$$$$$
 INFO [2024-07-16 18:10:56,212] (%D:18) -     
 INFO [2024-07-16 18:11:25,346] (%D:10) - **********************************************************************************************
 INFO [2024-07-16 18:11:25,346] (%D:11) - $$$$$$$$$$$$$$$$$$$$$$$$$$$$$$$$Verify Add New Job Card functionality      $$$$$$$$$$$$$$$$$$$$$$$$$$$$$$$$$$$$$$$$$$$$$$
 INFO [2024-07-16 18:11:25,346] (%D:12) - ***********************************************************************************************
 INFO [2024-07-16 18:11:33,425] (%D:22) - Clicked on Log in as Employee
 INFO [2024-07-16 18:11:34,400] (%D:22) - Text Entered into PIN
 INFO [2024-07-16 18:11:34,523] (%D:22) - Clicked on Login
 INFO [2024-07-16 18:11:34,546] (%D:22) - User is navigated to Homepage
 INFO [2024-07-16 18:11:35,854] (%D:22) - Clicked on Job Cards&Tasks
 INFO [2024-07-16 18:11:36,077] (%D:22) - Clicked on Add New Job Card
 INFO [2024-07-16 18:11:36,078] (%D:22) - Generated Alphanumeric values
 INFO [2024-07-16 18:11:36,079] (%D:22) - Generated Alphanumeric values
 INFO [2024-07-16 18:11:36,384] (%D:22) - Text Entered into Job Card Name
 INFO [2024-07-16 18:11:37,001] (%D:22) - Text Entered into Job Card Description
 INFO [2024-07-16 18:11:37,072] (%D:22) - Clicked on Job Card Name
 INFO [2024-07-16 18:11:37,118] (%D:22) - Maximum 25 Characters Allowed. element is visible
 INFO [2024-07-16 18:11:37,135] (%D:22) - Maximum 250 Characters Allowed. element is visible
 INFO [2024-07-16 18:11:37,312] (%D:22) - Clicked on Cancel Button
 INFO [2024-07-16 18:11:37,485] (%D:22) - Clicked on Add New Job Card
 INFO [2024-07-16 18:11:37,588] (%D:22) - Clicked on Save And Continue
 INFO [2024-07-16 18:11:37,615] (%D:22) - New Job Card is not created
 INFO [2024-07-16 18:11:37,815] (%D:22) - Clicked on Cancel Button
 INFO [2024-07-16 18:11:37,971] (%D:22) - Clicked on Add New Job Card
 INFO [2024-07-16 18:11:38,439] (%D:22) - Text Entered into Job Card Name
 INFO [2024-07-16 18:11:39,036] (%D:22) - Text Entered into Job Card Description
 INFO [2024-07-16 18:11:57,145] (%D:22) - Clicked on Save and Continue
 INFO [2024-07-16 18:12:03,426] (%D:22) - Text Entered into Filter
 INFO [2024-07-16 18:12:03,441] (%D:22) - New Job Card is created
 INFO [2024-07-16 18:12:03,443] (%D:17) - $$$$$$$$$$$$$$$$$$$$$$$$$$$$$$$$---END---$$$$$$$$$$$$$$$$$$$$$$$$$$$$$$$$$$$$$$$$$$$$$$
 INFO [2024-07-16 18:12:03,444] (%D:18) -     
 INFO [2024-07-16 18:12:03,531] (%D:10) - **********************************************************************************************
 INFO [2024-07-16 18:12:03,531] (%D:11) - $$$$$$$$$$$$$$$$$$$$$$$$$$$$$$$$Verify the Active Job Cards and Inactive Job Cards filter functionality      $$$$$$$$$$$$$$$$$$$$$$$$$$$$$$$$$$$$$$$$$$$$$$
 INFO [2024-07-16 18:12:03,531] (%D:12) - ***********************************************************************************************
 INFO [2024-07-16 18:12:10,225] (%D:22) - Clicked on Log in as Employee
 INFO [2024-07-16 18:12:10,521] (%D:22) - Text Entered into PIN
 INFO [2024-07-16 18:12:10,624] (%D:22) - Clicked on Login
 INFO [2024-07-16 18:12:10,641] (%D:22) - User is navigated to Homepage
 INFO [2024-07-16 18:12:11,979] (%D:22) - Clicked on Job Cards&Tasks
 INFO [2024-07-16 18:12:17,674] (%D:22) - Text Entered into Filter
 INFO [2024-07-16 18:12:17,793] (%D:22) - Text got from Filter validate
 INFO [2024-07-16 18:12:17,793] (%D:22) - Filtered Job Card is displayed
 INFO [2024-07-16 18:12:17,814] (%D:30) - Unable to click on element Manage Job Card
 INFO [2024-07-16 18:12:18,030] (%D:17) - $$$$$$$$$$$$$$$$$$$$$$$$$$$$$$$$---END---$$$$$$$$$$$$$$$$$$$$$$$$$$$$$$$$$$$$$$$$$$$$$$
 INFO [2024-07-16 18:12:18,030] (%D:18) -     
 INFO [2024-07-16 18:12:18,173] (%D:10) - **********************************************************************************************
 INFO [2024-07-16 18:12:18,173] (%D:11) - $$$$$$$$$$$$$$$$$$$$$$$$$$$$$$$$Verify the Manage Job Card and Manage Tasks functionality      $$$$$$$$$$$$$$$$$$$$$$$$$$$$$$$$$$$$$$$$$$$$$$
 INFO [2024-07-16 18:12:18,173] (%D:12) - ***********************************************************************************************
 INFO [2024-07-16 18:12:25,276] (%D:22) - Clicked on Log in as Employee
 INFO [2024-07-16 18:12:25,558] (%D:22) - Text Entered into PIN
 INFO [2024-07-16 18:12:25,651] (%D:22) - Clicked on Login
 INFO [2024-07-16 18:12:25,663] (%D:22) - User is navigated to Homepage
 INFO [2024-07-16 18:12:26,928] (%D:22) - Clicked on Job Cards&Tasks
 INFO [2024-07-16 18:12:32,501] (%D:22) - Text Entered into Job Card Name
 INFO [2024-07-16 18:12:52,653] (%D:30) - Element not available
 INFO [2024-07-16 18:12:52,847] (%D:17) - $$$$$$$$$$$$$$$$$$$$$$$$$$$$$$$$---END---$$$$$$$$$$$$$$$$$$$$$$$$$$$$$$$$$$$$$$$$$$$$$$
 INFO [2024-07-16 18:12:52,847] (%D:18) -     
 INFO [2024-07-22 14:44:50,920] (%D:10) - **********************************************************************************************
 INFO [2024-07-22 14:44:50,920] (%D:11) - $$$$$$$$$$$$$$$$$$$$$$$$$$$$$$$$Verify Add New Provider functionality status as Active      $$$$$$$$$$$$$$$$$$$$$$$$$$$$$$$$$$$$$$$$$$$$$$
 INFO [2024-07-22 14:44:50,920] (%D:12) - ***********************************************************************************************
 INFO [2024-07-22 14:44:59,822] (%D:22) - Clicked on clicked
 INFO [2024-07-22 14:44:59,945] (%D:22) - Text Entered into Enter Email id
 INFO [2024-07-22 14:45:00,042] (%D:22) - Clicked on clicked
 INFO [2024-07-22 14:45:00,123] (%D:22) - Text Entered into Enter password
 INFO [2024-07-22 14:45:00,213] (%D:22) - Clicked on Login
 INFO [2024-07-22 14:45:03,244] (%D:22) - User navigated to Homepage
 INFO [2024-07-22 14:45:08,553] (%D:22) - Clicked on 3rd Party Provider
 INFO [2024-07-22 14:45:09,033] (%D:22) - Clicked on Add New Provider button
 INFO [2024-07-22 14:45:09,033] (%D:22) - Generated Alphanumeric values
 INFO [2024-07-22 14:45:09,033] (%D:22) - Generated Alphanumeric values
 INFO [2024-07-22 14:45:09,037] (%D:22) - Generated Alphanumeric values
 INFO [2024-07-22 14:45:09,037] (%D:22) - Generated Alphanumeric values
 INFO [2024-07-22 14:45:09,037] (%D:22) - Generated Alphanumeric values
 INFO [2024-07-22 14:45:09,037] (%D:22) - Generated Alphanumeric values
 INFO [2024-07-22 14:45:09,227] (%D:22) - Text Entered into Mobile Number
 INFO [2024-07-22 14:45:09,453] (%D:22) - Text Entered into Other Contact Number
 INFO [2024-07-22 14:45:09,652] (%D:22) - Text Entered into Email Address
 INFO [2024-07-22 14:45:09,835] (%D:22) - Text Entered into Fax Number
 INFO [2024-07-22 14:45:10,038] (%D:22) - Text Entered into Vat Number
 INFO [2024-07-22 14:45:10,218] (%D:22) - Text Entered into Postal Code
 INFO [2024-07-22 14:45:10,303] (%D:22) - Clicked on Mobile Number
 INFO [2024-07-22 14:45:10,358] (%D:22) - Give Correct Mobile Number element is visible
 INFO [2024-07-22 14:45:10,373] (%D:22) - Give Correct Mobile Number element is visible
 INFO [2024-07-22 14:45:10,388] (%D:22) - Enter valid Email Address element is visible
 INFO [2024-07-22 14:45:10,402] (%D:22) - Give Correct Fax Number element is visible
 INFO [2024-07-22 14:45:10,413] (%D:22) - Give Correct Vat Number element is visible
 INFO [2024-07-22 14:45:10,428] (%D:22) - Give Correct Postal Code element is visible
 INFO [2024-07-22 14:45:15,658] (%D:22) - Clicked on Cancel button
 INFO [2024-07-22 14:45:15,832] (%D:22) - Clicked on Add New Provider button
 INFO [2024-07-22 14:45:15,834] (%D:22) - Generates Random Alphabets
 INFO [2024-07-22 14:45:16,015] (%D:22) - Text Entered into Provider Name
 INFO [2024-07-22 14:45:16,015] (%D:22) - Generates Random Numbers
 INFO [2024-07-22 14:45:16,170] (%D:22) - Text Entered into Mobile Number
 INFO [2024-07-22 14:45:16,170] (%D:22) - Generates Random Numbers
 INFO [2024-07-22 14:45:16,327] (%D:22) - Text Entered into Other Contact Number
 INFO [2024-07-22 14:45:16,327] (%D:22) - Generates Random Numbers
 INFO [2024-07-22 14:45:16,489] (%D:22) - Text Entered into Fax Number
 INFO [2024-07-22 14:45:16,489] (%D:22) - Generates Random Numbers
 INFO [2024-07-22 14:45:16,657] (%D:22) - Text Entered into Vat Number
 INFO [2024-07-22 14:45:16,657] (%D:22) - Generates Random Alphabets
 INFO [2024-07-22 14:45:17,049] (%D:22) - Text Entered into Street
 INFO [2024-07-22 14:45:17,049] (%D:22) - Generates Random Alphabets
 INFO [2024-07-22 14:45:17,422] (%D:22) - Text Entered into Street2
 INFO [2024-07-22 14:45:17,422] (%D:22) - Generates Random Numbers
 INFO [2024-07-22 14:45:17,555] (%D:22) - Text Entered into Postal Code
 INFO [2024-07-22 14:45:17,555] (%D:22) - Generates Random Alphabets
 INFO [2024-07-22 14:45:18,266] (%D:22) - Text Entered into Comments
 INFO [2024-07-22 14:45:18,336] (%D:22) - Clicked on Mobile Number
 INFO [2024-07-22 14:45:18,357] (%D:22) - Maximum 25 Characters Allowed element is visible
 INFO [2024-07-22 14:45:18,366] (%D:22) - Give Correct Mobile Number element is visible
 INFO [2024-07-22 14:45:18,373] (%D:22) - Give Correct Mobile Number element is visible
 INFO [2024-07-22 14:45:18,379] (%D:22) - Give Correct Fax Number element is visible
 INFO [2024-07-22 14:45:18,387] (%D:22) - Give Correct Vat Number element is visible
 INFO [2024-07-22 14:45:18,397] (%D:22) - Maximum 100 Characters Allowed element is visible
 INFO [2024-07-22 14:45:18,410] (%D:22) - Maximum 100 characters Allowed element is visible
 INFO [2024-07-22 14:45:18,418] (%D:22) - Give Correct Postal Code element is visible
 INFO [2024-07-22 14:45:18,427] (%D:22) - Maximum 250 characters allowed. element is visible
 INFO [2024-07-22 14:45:23,646] (%D:22) - Clicked on Cancel button
 INFO [2024-07-22 14:45:23,799] (%D:22) - Clicked on Add New Provider button
 INFO [2024-07-22 14:45:23,886] (%D:22) - Clicked on Save and Continue
 INFO [2024-07-22 14:45:23,888] (%D:22) - New provider is not created
 INFO [2024-07-22 14:45:29,076] (%D:22) - Clicked on Cancel button
 INFO [2024-07-22 14:45:29,263] (%D:22) - Clicked on Add New Provider button
 INFO [2024-07-22 14:45:29,610] (%D:22) - Text Entered into Provider Name
 INFO [2024-07-22 14:45:29,767] (%D:22) - Text Entered into Mobile Number
 INFO [2024-07-22 14:45:29,931] (%D:22) - Text Entered into Other Contact Number
 INFO [2024-07-22 14:45:30,129] (%D:22) - Text Entered into Email Address
 INFO [2024-07-22 14:45:30,276] (%D:22) - Text Entered into Fax Number
 INFO [2024-07-22 14:45:30,449] (%D:22) - Text Entered into Vat Number
 INFO [2024-07-22 14:45:30,553] (%D:22) - Clicked on Status
 INFO [2024-07-22 14:45:34,288] (%D:22) - Clicked on Active
 INFO [2024-07-22 14:45:37,718] (%D:22) - Text Entered into Street
 INFO [2024-07-22 14:45:37,973] (%D:22) - Text Entered into Street2
 INFO [2024-07-22 14:45:40,458] (%D:22) - Province is auto-populated
 INFO [2024-07-22 14:45:47,143] (%D:22) - Text Entered into Postal Code
 INFO [2024-07-22 14:45:47,394] (%D:22) - Text Entered into Comments
 INFO [2024-07-22 14:45:50,546] (%D:22) - Clicked on Save and Continue
 INFO [2024-07-22 14:45:57,972] (%D:22) - Text Entered into Filter
 INFO [2024-07-22 14:45:58,015] (%D:22) - Text got from Filtered Data
 INFO [2024-07-22 14:45:58,015] (%D:22) - New Active Provider is created successfully
 INFO [2024-07-22 14:45:58,166] (%D:22) - Clicked on Add New Provider button
 INFO [2024-07-22 14:45:58,390] (%D:22) - Text Entered into Provider Name
 INFO [2024-07-22 14:45:58,514] (%D:22) - Text Entered into Mobile Number
 INFO [2024-07-22 14:45:58,631] (%D:22) - Text Entered into Other Contact Number
 INFO [2024-07-22 14:45:58,790] (%D:22) - Text Entered into Email Address
 INFO [2024-07-22 14:45:58,917] (%D:22) - Text Entered into Fax Number
 INFO [2024-07-22 14:45:59,031] (%D:22) - Text Entered into Vat Number
 INFO [2024-07-22 14:45:59,081] (%D:22) - Clicked on Status
 INFO [2024-07-22 14:46:02,168] (%D:22) - Clicked on Active
 INFO [2024-07-22 14:46:05,468] (%D:22) - Text Entered into Street
 INFO [2024-07-22 14:46:05,658] (%D:22) - Text Entered into Street2
 INFO [2024-07-22 14:46:08,144] (%D:22) - Province is auto-populated
 INFO [2024-07-22 14:46:14,788] (%D:22) - Text Entered into Postal Code
 INFO [2024-07-22 14:46:14,971] (%D:22) - Text Entered into Comments
 INFO [2024-07-22 14:46:18,054] (%D:22) - Clicked on Save and Continue
 INFO [2024-07-22 14:46:20,099] (%D:22) - New Provider is not created
 INFO [2024-07-22 14:46:20,112] (%D:17) - $$$$$$$$$$$$$$$$$$$$$$$$$$$$$$$$---END---$$$$$$$$$$$$$$$$$$$$$$$$$$$$$$$$$$$$$$$$$$$$$$
 INFO [2024-07-22 14:46:20,112] (%D:18) -     
 INFO [2024-07-22 14:46:20,212] (%D:10) - **********************************************************************************************
 INFO [2024-07-22 14:46:20,212] (%D:11) - $$$$$$$$$$$$$$$$$$$$$$$$$$$$$$$$Verify Add New Provider functionality status as Inactive      $$$$$$$$$$$$$$$$$$$$$$$$$$$$$$$$$$$$$$$$$$$$$$
 INFO [2024-07-22 14:46:20,212] (%D:12) - ***********************************************************************************************
 INFO [2024-07-22 14:46:27,167] (%D:22) - Clicked on clicked
 INFO [2024-07-22 14:46:27,294] (%D:22) - Text Entered into Enter Email id
 INFO [2024-07-22 14:46:27,374] (%D:22) - Clicked on clicked
 INFO [2024-07-22 14:46:27,449] (%D:22) - Text Entered into Enter password
 INFO [2024-07-22 14:46:27,553] (%D:22) - Clicked on Login
 INFO [2024-07-22 14:46:30,560] (%D:22) - User navigated to Homepage
 INFO [2024-07-22 14:46:35,845] (%D:22) - Clicked on 3rd Party Provider
 INFO [2024-07-22 14:46:36,115] (%D:22) - Clicked on Add New Provider button
 INFO [2024-07-22 14:46:36,544] (%D:22) - Text Entered into Provider Name
 INFO [2024-07-22 14:46:36,696] (%D:22) - Text Entered into Mobile Number
 INFO [2024-07-22 14:46:36,835] (%D:22) - Text Entered into Other Contact Number
 INFO [2024-07-22 14:46:37,033] (%D:22) - Text Entered into Email Address
 INFO [2024-07-22 14:46:37,222] (%D:22) - Text Entered into Fax Number
 INFO [2024-07-22 14:46:37,396] (%D:22) - Text Entered into Vat Number
 INFO [2024-07-22 14:46:37,496] (%D:22) - Clicked on Status
 INFO [2024-07-22 14:46:41,241] (%D:22) - Clicked on Inactive
 INFO [2024-07-22 14:46:44,565] (%D:22) - Text Entered into Street
 INFO [2024-07-22 14:46:44,831] (%D:22) - Text Entered into Street2
 INFO [2024-07-22 14:46:47,371] (%D:22) - Province is auto-populated
 INFO [2024-07-22 14:46:54,049] (%D:22) - Text Entered into Postal Code
 INFO [2024-07-22 14:46:54,273] (%D:22) - Text Entered into Comments
 INFO [2024-07-22 14:46:57,427] (%D:22) - Clicked on Save and Continue
 INFO [2024-07-22 14:47:02,574] (%D:22) - Clicked on Inactive Provider
 INFO [2024-07-22 14:47:07,772] (%D:22) - Text Entered into Filter
 INFO [2024-07-22 14:47:07,822] (%D:22) - Text got from Filtered Data
 INFO [2024-07-22 14:47:07,822] (%D:22) - New Inactive Provider is created successfully
 INFO [2024-07-22 14:47:07,822] (%D:17) - $$$$$$$$$$$$$$$$$$$$$$$$$$$$$$$$---END---$$$$$$$$$$$$$$$$$$$$$$$$$$$$$$$$$$$$$$$$$$$$$$
 INFO [2024-07-22 14:47:07,822] (%D:18) -     
 INFO [2024-07-22 14:47:07,889] (%D:10) - **********************************************************************************************
 INFO [2024-07-22 14:47:07,889] (%D:11) - $$$$$$$$$$$$$$$$$$$$$$$$$$$$$$$$Verify the Active Providers and Inactive Providers filter functionality      $$$$$$$$$$$$$$$$$$$$$$$$$$$$$$$$$$$$$$$$$$$$$$
 INFO [2024-07-22 14:47:07,889] (%D:12) - ***********************************************************************************************
 INFO [2024-07-22 14:47:15,136] (%D:22) - Clicked on clicked
 INFO [2024-07-22 14:47:15,247] (%D:22) - Text Entered into Enter Email id
 INFO [2024-07-22 14:47:15,327] (%D:22) - Clicked on clicked
 INFO [2024-07-22 14:47:15,403] (%D:22) - Text Entered into Enter password
 INFO [2024-07-22 14:47:15,483] (%D:22) - Clicked on Login
 INFO [2024-07-22 14:47:18,508] (%D:22) - User navigated to Homepage
 INFO [2024-07-22 14:47:23,739] (%D:22) - Clicked on 3rd Party Provider
 INFO [2024-07-22 14:47:29,354] (%D:22) - Text Entered into Filter
 INFO [2024-07-22 14:47:29,407] (%D:22) - Text got from Filtered Data
 INFO [2024-07-22 14:47:29,407] (%D:22) - Active Provider Name is visible under filter
 INFO [2024-07-22 14:47:29,407] (%D:22) - Generates Random Alphabets
 INFO [2024-07-22 14:47:29,561] (%D:22) - Text Entered into Filter
 INFO [2024-07-22 14:47:34,602] (%D:22) -  No data matching the filter element is visible
 INFO [2024-07-22 14:47:39,821] (%D:22) - Clicked on Inactive Provider
 INFO [2024-07-22 14:47:43,177] (%D:22) - Text Entered into Inactive Filter
 INFO [2024-07-22 14:47:43,218] (%D:22) - Text got from Filtered Data
 INFO [2024-07-22 14:47:43,218] (%D:22) - Inactive Provider Name is visible
 INFO [2024-07-22 14:47:43,219] (%D:22) - Generates Random Alphabets
 INFO [2024-07-22 14:47:46,325] (%D:22) - Text Entered into Filter
 INFO [2024-07-22 14:47:46,335] (%D:22) -  No data matching the filter element is visible
 INFO [2024-07-22 14:47:46,428] (%D:22) - Clicked on Items Dropdown
 INFO [2024-07-22 14:47:48,567] (%D:22) - Clicked on Items Dropdown Option
 INFO [2024-07-22 14:47:48,567] (%D:17) - $$$$$$$$$$$$$$$$$$$$$$$$$$$$$$$$---END---$$$$$$$$$$$$$$$$$$$$$$$$$$$$$$$$$$$$$$$$$$$$$$
 INFO [2024-07-22 14:47:48,567] (%D:18) -     
 INFO [2024-07-22 14:47:48,630] (%D:10) - **********************************************************************************************
 INFO [2024-07-22 14:47:48,630] (%D:11) - $$$$$$$$$$$$$$$$$$$$$$$$$$$$$$$$Verify the Manage Provider functionality of Active Providers and Inactive Providers      $$$$$$$$$$$$$$$$$$$$$$$$$$$$$$$$$$$$$$$$$$$$$$
 INFO [2024-07-22 14:47:48,630] (%D:12) - ***********************************************************************************************
 INFO [2024-07-22 14:47:55,831] (%D:22) - Clicked on clicked
 INFO [2024-07-22 14:47:55,966] (%D:22) - Text Entered into Enter Email id
 INFO [2024-07-22 14:47:56,048] (%D:22) - Clicked on clicked
 INFO [2024-07-22 14:47:56,140] (%D:22) - Text Entered into Enter password
 INFO [2024-07-22 14:47:56,238] (%D:22) - Clicked on Login
 INFO [2024-07-22 14:47:59,262] (%D:22) - User navigated to Homepage
 INFO [2024-07-22 14:48:04,537] (%D:22) - Clicked on 3rd Party Provider
 INFO [2024-07-22 14:48:09,831] (%D:22) - Text Entered into Provider Name
 INFO [2024-07-22 14:48:10,030] (%D:22) - Clicked on Manage Provider
 INFO [2024-07-22 14:48:10,030] (%D:22) - Generates Random Numbers
 INFO [2024-07-22 14:48:13,268] (%D:22) - Text Entered into Vat Number
 INFO [2024-07-22 14:48:18,485] (%D:22) - Clicked on Update
 INFO [2024-07-22 14:48:24,757] (%D:22) - Text Entered into Provider Name
 INFO [2024-07-22 14:48:24,913] (%D:22) - Clicked on Manage Provider
 INFO [2024-07-22 14:48:30,971] (%D:22) - Vat Number is updated
 INFO [2024-07-22 14:48:36,083] (%D:22) - Clicked on Deactivate Button
 INFO [2024-07-22 14:48:41,264] (%D:22) - Clicked on Inactive Provider
 INFO [2024-07-22 14:48:41,446] (%D:22) - Text Entered into Provider Name
 INFO [2024-07-22 14:48:41,484] (%D:22) - Text got from Filtered Data
 INFO [2024-07-22 14:48:41,484] (%D:22) - Provider is deactivated
 INFO [2024-07-22 14:48:46,635] (%D:22) - Clicked on Inactive Provider
 INFO [2024-07-22 14:48:51,867] (%D:22) - Text Entered into Provider Name
 INFO [2024-07-22 14:48:52,011] (%D:22) - Clicked on Manage Provider
 INFO [2024-07-22 14:48:52,011] (%D:22) - Generates Random Numbers
 INFO [2024-07-22 14:48:57,246] (%D:22) - Text Entered into Other Contact Number
 INFO [2024-07-22 14:49:02,347] (%D:22) - Clicked on Update
 INFO [2024-07-22 14:49:07,495] (%D:22) - Clicked on Inactive Provider
 INFO [2024-07-22 14:49:07,663] (%D:22) - Text Entered into Filtered Data
 INFO [2024-07-22 14:49:07,774] (%D:22) - Clicked on Manage Provider
 INFO [2024-07-22 14:49:07,819] (%D:22) - Other Contact Number is updated
 INFO [2024-07-22 14:49:12,931] (%D:22) - Clicked on Activate
 INFO [2024-07-22 14:49:18,187] (%D:22) - Clicked on Filter
 INFO [2024-07-22 14:49:18,343] (%D:22) - Text Entered into Filtered Provider Name
 INFO [2024-07-22 14:49:18,379] (%D:22) - Text got from Filtered Data
 INFO [2024-07-22 14:49:18,379] (%D:22) - Provider is activated
 INFO [2024-07-22 14:49:18,379] (%D:17) - $$$$$$$$$$$$$$$$$$$$$$$$$$$$$$$$---END---$$$$$$$$$$$$$$$$$$$$$$$$$$$$$$$$$$$$$$$$$$$$$$
 INFO [2024-07-22 14:49:18,380] (%D:18) -     
 INFO [2024-07-22 14:49:18,433] (%D:10) - **********************************************************************************************
 INFO [2024-07-22 14:49:18,433] (%D:11) - $$$$$$$$$$$$$$$$$$$$$$$$$$$$$$$$Verify the Bulk Upload functionality      $$$$$$$$$$$$$$$$$$$$$$$$$$$$$$$$$$$$$$$$$$$$$$
 INFO [2024-07-22 14:49:18,433] (%D:12) - ***********************************************************************************************
 INFO [2024-07-22 14:49:25,757] (%D:22) - Clicked on clicked
 INFO [2024-07-22 14:49:25,866] (%D:22) - Text Entered into Enter Email id
 INFO [2024-07-22 14:49:25,968] (%D:22) - Clicked on clicked
 INFO [2024-07-22 14:49:26,043] (%D:22) - Text Entered into Enter password
 INFO [2024-07-22 14:49:26,123] (%D:22) - Clicked on Login
 INFO [2024-07-22 14:49:29,152] (%D:22) - User navigated to Homepage
 INFO [2024-07-22 14:49:34,438] (%D:22) - Clicked on 3rd Party Provider
 INFO [2024-07-22 14:49:39,574] (%D:22) - Clicked on Bulk Upload
 INFO [2024-07-22 14:49:45,662] (%D:22) - File is selected Sucessfully
 INFO [2024-07-22 14:49:45,756] (%D:22) - Clicked on Submit
 INFO [2024-07-22 14:49:47,772] (%D:22) - Bulk upload file is uploaded
 INFO [2024-07-22 14:49:52,871] (%D:22) - Clicked on Bulk Upload
 INFO [2024-07-22 14:49:55,943] (%D:22) - File is selected Sucessfully
 INFO [2024-07-22 14:49:56,009] (%D:22) - Clicked on Submit
 INFO [2024-07-22 14:49:56,024] (%D:22) - Invalid bulk upload file is not uploaded
 INFO [2024-07-22 14:50:01,159] (%D:22) - Clicked on Cancel
 INFO [2024-07-22 14:50:06,344] (%D:22) - Clicked on Bulk Upload
 INFO [2024-07-22 14:50:12,413] (%D:22) - File is selected Sucessfully
 INFO [2024-07-22 14:50:12,467] (%D:22) - Clicked on Submit
 INFO [2024-07-22 14:50:12,486] (%D:22) - Null file upload file is not uploaded
 INFO [2024-07-22 14:50:12,487] (%D:17) - $$$$$$$$$$$$$$$$$$$$$$$$$$$$$$$$---END---$$$$$$$$$$$$$$$$$$$$$$$$$$$$$$$$$$$$$$$$$$$$$$
 INFO [2024-07-22 14:50:12,487] (%D:18) -     
 INFO [2024-07-22 14:50:42,387] (%D:10) - **********************************************************************************************
 INFO [2024-07-22 14:50:42,390] (%D:11) - $$$$$$$$$$$$$$$$$$$$$$$$$$$$$$$$Verify the Add Role functionality      $$$$$$$$$$$$$$$$$$$$$$$$$$$$$$$$$$$$$$$$$$$$$$
 INFO [2024-07-22 14:50:42,390] (%D:12) - ***********************************************************************************************
 INFO [2024-07-22 14:50:52,210] (%D:22) - Clicked on clicked
 INFO [2024-07-22 14:50:52,334] (%D:22) - Text Entered into Enter Email id
 INFO [2024-07-22 14:50:52,427] (%D:22) - Clicked on clicked
 INFO [2024-07-22 14:50:52,581] (%D:22) - Text Entered into Enter password
 INFO [2024-07-22 14:50:52,670] (%D:22) - Clicked on Login
 INFO [2024-07-22 14:50:55,706] (%D:22) - User navigated to Homepage
 INFO [2024-07-22 14:51:00,963] (%D:22) - Clicked on Manage ACL Roles
 INFO [2024-07-22 14:51:01,425] (%D:22) - Clicked on Add Role
 INFO [2024-07-22 14:51:01,669] (%D:22) - Clicked on Add
 INFO [2024-07-22 14:51:01,688] (%D:22) - New Role is not created
 INFO [2024-07-22 14:51:02,011] (%D:22) - Clicked on Close
 INFO [2024-07-22 14:51:02,155] (%D:22) - Clicked on Add Role
 INFO [2024-07-22 14:51:02,553] (%D:22) - Text Entered into Name
 INFO [2024-07-22 14:51:03,847] (%D:22) - Clicked on Add
 INFO [2024-07-22 14:51:09,964] (%D:22) - Text Entered into Filter
 INFO [2024-07-22 14:51:10,011] (%D:22) - Text got from Role
 INFO [2024-07-22 14:51:10,011] (%D:22) - New role is created
 INFO [2024-07-22 14:51:10,167] (%D:22) - Clicked on Manage Role
 INFO [2024-07-22 14:51:16,595] (%D:22) - Text Entered into Name
 INFO [2024-07-22 14:51:16,693] (%D:22) - Clicked on Update
 INFO [2024-07-22 14:51:21,962] (%D:22) - Text Entered into Filter
 INFO [2024-07-22 14:51:21,974] (%D:22) - Name is updated
 INFO [2024-07-22 14:51:22,100] (%D:22) - Clicked on User Button
 INFO [2024-07-22 14:51:22,111] (%D:22) - User Navigated to Manage ACL User page
 INFO [2024-07-22 14:51:22,111] (%D:17) - $$$$$$$$$$$$$$$$$$$$$$$$$$$$$$$$---END---$$$$$$$$$$$$$$$$$$$$$$$$$$$$$$$$$$$$$$$$$$$$$$
 INFO [2024-07-22 14:51:22,127] (%D:18) -     
 INFO [2024-07-22 14:51:22,273] (%D:10) - **********************************************************************************************
 INFO [2024-07-22 14:51:22,273] (%D:11) - $$$$$$$$$$$$$$$$$$$$$$$$$$$$$$$$Verify the Filter functionality      $$$$$$$$$$$$$$$$$$$$$$$$$$$$$$$$$$$$$$$$$$$$$$
 INFO [2024-07-22 14:51:22,273] (%D:12) - ***********************************************************************************************
 INFO [2024-07-22 14:51:29,369] (%D:22) - Clicked on clicked
 INFO [2024-07-22 14:51:29,484] (%D:22) - Text Entered into Enter Email id
 INFO [2024-07-22 14:51:29,564] (%D:22) - Clicked on clicked
 INFO [2024-07-22 14:51:29,650] (%D:22) - Text Entered into Enter password
 INFO [2024-07-22 14:51:29,731] (%D:22) - Clicked on Login
 INFO [2024-07-22 14:51:32,761] (%D:22) - User navigated to Homepage
 INFO [2024-07-22 14:51:38,020] (%D:22) - Clicked on Manage ACL Roles
 INFO [2024-07-22 14:51:43,703] (%D:22) - Text Entered into Filter
 INFO [2024-07-22 14:51:43,721] (%D:22) - Role details are visible
 INFO [2024-07-22 14:51:43,722] (%D:22) - Generates Random Alphabets
 INFO [2024-07-22 14:51:43,899] (%D:22) - Text Entered into Filter
 INFO [2024-07-22 14:51:46,945] (%D:22) - No data matching the filter element is visible
 INFO [2024-07-22 14:51:47,090] (%D:22) - Clicked on Items Dropdown
 INFO [2024-07-22 14:51:49,223] (%D:22) - Clicked on Items Dropdown Option
 INFO [2024-07-22 14:51:49,223] (%D:17) - $$$$$$$$$$$$$$$$$$$$$$$$$$$$$$$$---END---$$$$$$$$$$$$$$$$$$$$$$$$$$$$$$$$$$$$$$$$$$$$$$
 INFO [2024-07-22 14:51:49,223] (%D:18) -     
 INFO [2024-07-22 14:52:02,893] (%D:10) - **********************************************************************************************
 INFO [2024-07-22 14:52:02,893] (%D:11) - $$$$$$$$$$$$$$$$$$$$$$$$$$$$$$$$Verify the Add New User functionality      $$$$$$$$$$$$$$$$$$$$$$$$$$$$$$$$$$$$$$$$$$$$$$
 INFO [2024-07-22 14:52:02,893] (%D:12) - ***********************************************************************************************
 INFO [2024-07-22 14:52:11,826] (%D:22) - Clicked on clicked
 INFO [2024-07-22 14:52:11,962] (%D:22) - Text Entered into Enter Email id
 INFO [2024-07-22 14:52:12,144] (%D:22) - Clicked on clicked
 INFO [2024-07-22 14:52:12,238] (%D:22) - Text Entered into Enter password
 INFO [2024-07-22 14:52:12,342] (%D:22) - Clicked on Login
 INFO [2024-07-22 14:52:15,395] (%D:22) - User navigated to Homepage
 INFO [2024-07-22 14:52:25,696] (%D:22) - Clicked on Manage ACL Users
 INFO [2024-07-22 14:52:25,960] (%D:22) - Clicked on Add New User
 INFO [2024-07-22 14:52:25,960] (%D:22) - Generated Alphanumeric values
 INFO [2024-07-22 14:52:25,960] (%D:22) - Generated Alphanumeric values
 INFO [2024-07-22 14:52:25,960] (%D:22) - Generated Alphanumeric values
 INFO [2024-07-22 14:52:25,960] (%D:22) - Generated Alphanumeric values
 INFO [2024-07-22 14:52:26,212] (%D:22) - Text Entered into First Name
 INFO [2024-07-22 14:52:26,437] (%D:22) - Text Entered into Email Address
 INFO [2024-07-22 14:52:26,611] (%D:22) - Text Entered into Last Name
 INFO [2024-07-22 14:52:26,793] (%D:22) - Text Entered into Mobile Number
 INFO [2024-07-22 14:52:26,869] (%D:22) - Clicked on First Name
 INFO [2024-07-22 14:52:26,904] (%D:22) - Give correct name element is visible
 INFO [2024-07-22 14:52:26,921] (%D:22) - Invalid Email Format element is visible
 INFO [2024-07-22 14:52:26,921] (%D:22) - Give correct name element is visible
 INFO [2024-07-22 14:52:26,943] (%D:22) - Give Correct Mobile Number element is visible
 INFO [2024-07-22 14:52:27,119] (%D:22) - Clicked on Cancel Button
 INFO [2024-07-22 14:52:27,272] (%D:22) - Clicked on Add New User
 INFO [2024-07-22 14:52:27,272] (%D:22) - Generated Alphanumeric values
 INFO [2024-07-22 14:52:27,272] (%D:22) - Generated Alphanumeric values
 INFO [2024-07-22 14:52:27,272] (%D:22) - Generated Alphanumeric values
 INFO [2024-07-22 14:52:27,272] (%D:22) - Generated Alphanumeric values
 INFO [2024-07-22 14:52:27,272] (%D:22) - Generated Alphanumeric values
 INFO [2024-07-22 14:52:27,515] (%D:22) - Text Entered into First Name
 INFO [2024-07-22 14:52:27,690] (%D:22) - Text Entered into Password
 INFO [2024-07-22 14:52:27,894] (%D:22) - Text Entered into Last Name
 INFO [2024-07-22 14:52:28,043] (%D:22) - Text Entered into Mobile Number
 INFO [2024-07-22 14:52:28,188] (%D:22) - Text Entered into Confirm Password
 INFO [2024-07-22 14:52:28,259] (%D:22) - Clicked on First Name
 INFO [2024-07-22 14:52:28,259] (%D:22) - Generated Alphanumeric values
 INFO [2024-07-22 14:52:28,259] (%D:22) - Generated Alphanumeric values
 INFO [2024-07-22 14:52:28,276] (%D:22) - Maximum 25 characters allowed is visible
 INFO [2024-07-22 14:52:28,289] (%D:22) - Minimum 6 Characters Allowed is visible
 INFO [2024-07-22 14:52:28,305] (%D:22) - Maximum 25 characters allowed is visible
 INFO [2024-07-22 14:52:28,312] (%D:22) - Give Correct Mobile Number is visible
 INFO [2024-07-22 14:52:28,323] (%D:22) - Minimum 6 characters allowed is visible
 INFO [2024-07-22 14:52:28,495] (%D:22) - Text Entered into First Name
 INFO [2024-07-22 14:52:28,671] (%D:22) - Text Entered into Last Name
 INFO [2024-07-22 14:52:28,734] (%D:22) - Clicked on First Name
 INFO [2024-07-22 14:52:28,753] (%D:22) - Minimum 3 Characters Required element is visible
 INFO [2024-07-22 14:52:28,763] (%D:22) - Minimum 3 Characters Required element is visible
 INFO [2024-07-22 14:52:28,889] (%D:22) - Clicked on Cancel Button
 INFO [2024-07-22 14:52:29,002] (%D:22) - Clicked on Add New User
 INFO [2024-07-22 14:52:29,092] (%D:22) - Clicked on Add
 INFO [2024-07-22 14:52:29,109] (%D:22) - New user is not created with null data
 INFO [2024-07-22 14:52:29,222] (%D:22) - Clicked on Cancel Button
 INFO [2024-07-22 14:52:29,334] (%D:22) - Clicked on Add New User
 INFO [2024-07-22 14:52:29,545] (%D:22) - Text Entered into First Name
 INFO [2024-07-22 14:52:29,710] (%D:22) - Text Entered into Email Address
 INFO [2024-07-22 14:52:29,854] (%D:22) - Text Entered into Password
 INFO [2024-07-22 14:52:32,211] (%D:22) - Clicked on Admin
 INFO [2024-07-22 14:52:32,373] (%D:22) - Text Entered into Last Name
 INFO [2024-07-22 14:52:32,524] (%D:22) - Text Entered into Mobile Number
 INFO [2024-07-22 14:52:32,673] (%D:22) - Text Entered into Confirm Password
 INFO [2024-07-22 14:52:35,201] (%D:22) - Clicked on Add
 INFO [2024-07-22 14:52:41,347] (%D:30) - Unable to Identify text field 
 INFO [2024-07-22 14:52:41,521] (%D:17) - $$$$$$$$$$$$$$$$$$$$$$$$$$$$$$$$---END---$$$$$$$$$$$$$$$$$$$$$$$$$$$$$$$$$$$$$$$$$$$$$$
 INFO [2024-07-22 14:52:41,521] (%D:18) -     
 INFO [2024-07-22 14:52:41,598] (%D:10) - **********************************************************************************************
 INFO [2024-07-22 14:52:41,598] (%D:11) - $$$$$$$$$$$$$$$$$$$$$$$$$$$$$$$$Verify the Filter functionality      $$$$$$$$$$$$$$$$$$$$$$$$$$$$$$$$$$$$$$$$$$$$$$
 INFO [2024-07-22 14:52:41,599] (%D:12) - ***********************************************************************************************
 INFO [2024-07-22 14:53:11,336] (%D:10) - **********************************************************************************************
 INFO [2024-07-22 14:53:11,340] (%D:11) - $$$$$$$$$$$$$$$$$$$$$$$$$$$$$$$$Verify the Add New User functionality      $$$$$$$$$$$$$$$$$$$$$$$$$$$$$$$$$$$$$$$$$$$$$$
 INFO [2024-07-22 14:53:11,340] (%D:12) - ***********************************************************************************************
 INFO [2024-07-22 14:53:20,130] (%D:22) - Clicked on clicked
 INFO [2024-07-22 14:53:20,308] (%D:22) - Text Entered into Enter Email id
 INFO [2024-07-22 14:53:20,456] (%D:22) - Clicked on clicked
 INFO [2024-07-22 14:53:20,592] (%D:22) - Text Entered into Enter password
 INFO [2024-07-22 14:53:20,693] (%D:22) - Clicked on Login
 INFO [2024-07-22 14:53:23,760] (%D:22) - User navigated to Homepage
 INFO [2024-07-22 14:53:34,006] (%D:22) - Clicked on Manage ACL Users
 INFO [2024-07-22 14:53:34,333] (%D:22) - Clicked on Add New User
 INFO [2024-07-22 14:53:34,333] (%D:22) - Generated Alphanumeric values
 INFO [2024-07-22 14:53:34,335] (%D:22) - Generated Alphanumeric values
 INFO [2024-07-22 14:53:34,335] (%D:22) - Generated Alphanumeric values
 INFO [2024-07-22 14:53:34,336] (%D:22) - Generated Alphanumeric values
 INFO [2024-07-22 14:53:34,554] (%D:22) - Text Entered into First Name
 INFO [2024-07-22 14:53:34,745] (%D:22) - Text Entered into Email Address
 INFO [2024-07-22 14:53:34,982] (%D:22) - Text Entered into Last Name
 INFO [2024-07-22 14:53:35,133] (%D:22) - Text Entered into Mobile Number
 INFO [2024-07-22 14:53:35,200] (%D:22) - Clicked on First Name
 INFO [2024-07-22 14:53:35,215] (%D:22) - Give correct name element is visible
 INFO [2024-07-22 14:53:35,215] (%D:22) - Invalid Email Format element is visible
 INFO [2024-07-22 14:53:35,229] (%D:22) - Give correct name element is visible
 INFO [2024-07-22 14:53:35,246] (%D:22) - Give Correct Mobile Number element is visible
 INFO [2024-07-22 14:53:35,418] (%D:22) - Clicked on Cancel Button
 INFO [2024-07-22 14:53:35,563] (%D:22) - Clicked on Add New User
 INFO [2024-07-22 14:53:35,563] (%D:22) - Generated Alphanumeric values
 INFO [2024-07-22 14:53:35,563] (%D:22) - Generated Alphanumeric values
 INFO [2024-07-22 14:53:35,564] (%D:22) - Generated Alphanumeric values
 INFO [2024-07-22 14:53:35,564] (%D:22) - Generated Alphanumeric values
 INFO [2024-07-22 14:53:35,565] (%D:22) - Generated Alphanumeric values
 INFO [2024-07-22 14:53:35,729] (%D:22) - Text Entered into First Name
 INFO [2024-07-22 14:53:35,860] (%D:22) - Text Entered into Password
 INFO [2024-07-22 14:53:36,044] (%D:22) - Text Entered into Last Name
 INFO [2024-07-22 14:53:36,193] (%D:22) - Text Entered into Mobile Number
 INFO [2024-07-22 14:53:36,326] (%D:22) - Text Entered into Confirm Password
 INFO [2024-07-22 14:53:36,392] (%D:22) - Clicked on First Name
 INFO [2024-07-22 14:53:36,392] (%D:22) - Generated Alphanumeric values
 INFO [2024-07-22 14:53:36,392] (%D:22) - Generated Alphanumeric values
 INFO [2024-07-22 14:53:36,428] (%D:22) - Maximum 25 characters allowed is visible
 INFO [2024-07-22 14:53:36,448] (%D:22) - Minimum 6 Characters Allowed is visible
 INFO [2024-07-22 14:53:36,467] (%D:22) - Maximum 25 characters allowed is visible
 INFO [2024-07-22 14:53:36,474] (%D:22) - Give Correct Mobile Number is visible
 INFO [2024-07-22 14:53:36,486] (%D:22) - Minimum 6 characters allowed is visible
 INFO [2024-07-22 14:53:36,678] (%D:22) - Text Entered into First Name
 INFO [2024-07-22 14:53:36,857] (%D:22) - Text Entered into Last Name
 INFO [2024-07-22 14:53:36,942] (%D:22) - Clicked on First Name
 INFO [2024-07-22 14:53:36,957] (%D:22) - Minimum 3 Characters Required element is visible
 INFO [2024-07-22 14:53:36,961] (%D:22) - Minimum 3 Characters Required element is visible
 INFO [2024-07-22 14:53:37,080] (%D:22) - Clicked on Cancel Button
 INFO [2024-07-22 14:53:37,203] (%D:22) - Clicked on Add New User
 INFO [2024-07-22 14:53:37,301] (%D:22) - Clicked on Add
 INFO [2024-07-22 14:53:37,310] (%D:22) - New user is not created with null data
 INFO [2024-07-22 14:53:37,442] (%D:22) - Clicked on Cancel Button
 INFO [2024-07-22 14:53:37,564] (%D:22) - Clicked on Add New User
 INFO [2024-07-22 14:53:37,826] (%D:22) - Text Entered into First Name
 INFO [2024-07-22 14:53:38,049] (%D:22) - Text Entered into Email Address
 INFO [2024-07-22 14:53:38,191] (%D:22) - Text Entered into Password
 INFO [2024-07-22 14:53:40,621] (%D:22) - Clicked on Admin
 INFO [2024-07-22 14:53:40,889] (%D:22) - Text Entered into Last Name
 INFO [2024-07-22 14:53:41,104] (%D:22) - Text Entered into Mobile Number
 INFO [2024-07-22 14:53:41,305] (%D:22) - Text Entered into Confirm Password
 INFO [2024-07-22 14:53:43,855] (%D:22) - Clicked on Add
 INFO [2024-07-22 14:53:50,164] (%D:22) - Text Entered into Filter
 INFO [2024-07-22 14:53:50,189] (%D:22) - New User is created
 INFO [2024-07-22 14:53:50,309] (%D:22) - Clicked on Add New User
 INFO [2024-07-22 14:53:50,483] (%D:22) - Text Entered into First Name
 INFO [2024-07-22 14:53:50,607] (%D:22) - Text Entered into Email Address
 INFO [2024-07-22 14:53:50,749] (%D:22) - Text Entered into Password
 INFO [2024-07-22 14:53:55,120] (%D:22) - Clicked on Admin
 INFO [2024-07-22 14:53:55,241] (%D:22) - Text Entered into Last Name
 INFO [2024-07-22 14:53:55,422] (%D:22) - Text Entered into Mobile Number
 INFO [2024-07-22 14:53:55,563] (%D:22) - Text Entered into Confirm Password
 INFO [2024-07-22 14:53:58,013] (%D:22) - Clicked on Add
 INFO [2024-07-22 14:54:02,054] (%D:22) - New User is not created
 INFO [2024-07-22 14:54:02,056] (%D:17) - $$$$$$$$$$$$$$$$$$$$$$$$$$$$$$$$---END---$$$$$$$$$$$$$$$$$$$$$$$$$$$$$$$$$$$$$$$$$$$$$$
 INFO [2024-07-22 14:54:02,056] (%D:18) -     
 INFO [2024-07-22 14:54:02,156] (%D:10) - **********************************************************************************************
 INFO [2024-07-22 14:54:02,156] (%D:11) - $$$$$$$$$$$$$$$$$$$$$$$$$$$$$$$$Verify the Filter functionality      $$$$$$$$$$$$$$$$$$$$$$$$$$$$$$$$$$$$$$$$$$$$$$
 INFO [2024-07-22 14:54:02,156] (%D:12) - ***********************************************************************************************
 INFO [2024-07-22 14:54:09,856] (%D:22) - Clicked on clicked
 INFO [2024-07-22 14:54:09,974] (%D:22) - Text Entered into Enter Email id
 INFO [2024-07-22 14:54:10,048] (%D:22) - Clicked on clicked
 INFO [2024-07-22 14:54:10,123] (%D:22) - Text Entered into Enter password
 INFO [2024-07-22 14:54:10,208] (%D:22) - Clicked on Login
 INFO [2024-07-22 14:54:13,234] (%D:22) - User navigated to Homepage
 INFO [2024-07-22 14:54:23,550] (%D:22) - Clicked on Manage ACL Users
 INFO [2024-07-22 14:54:29,061] (%D:22) - Text Entered into Filter
 INFO [2024-07-22 14:54:32,101] (%D:22) - ACL User details are visible
 INFO [2024-07-22 14:54:32,101] (%D:22) - Generated Alphanumeric values
 INFO [2024-07-22 14:54:37,322] (%D:22) - Text Entered into Filter
 INFO [2024-07-22 14:54:37,338] (%D:22) -  No data matching the filter error message is visible
 INFO [2024-07-22 14:54:37,447] (%D:22) - Clicked on Items Dropdown
 INFO [2024-07-22 14:54:40,161] (%D:22) - Clicked on Items Dropdown Option
 INFO [2024-07-22 14:54:40,162] (%D:17) - $$$$$$$$$$$$$$$$$$$$$$$$$$$$$$$$---END---$$$$$$$$$$$$$$$$$$$$$$$$$$$$$$$$$$$$$$$$$$$$$$
 INFO [2024-07-22 14:54:40,162] (%D:18) -     
 INFO [2024-07-22 14:54:40,240] (%D:10) - **********************************************************************************************
 INFO [2024-07-22 14:54:40,245] (%D:11) - $$$$$$$$$$$$$$$$$$$$$$$$$$$$$$$$Verify the Manage ACL User functionality      $$$$$$$$$$$$$$$$$$$$$$$$$$$$$$$$$$$$$$$$$$$$$$
 INFO [2024-07-22 14:54:40,245] (%D:12) - ***********************************************************************************************
 INFO [2024-07-22 14:54:47,310] (%D:22) - Clicked on clicked
 INFO [2024-07-22 14:54:47,443] (%D:22) - Text Entered into Enter Email id
 INFO [2024-07-22 14:54:47,520] (%D:22) - Clicked on clicked
 INFO [2024-07-22 14:54:47,609] (%D:22) - Text Entered into Enter password
 INFO [2024-07-22 14:54:47,704] (%D:22) - Clicked on Login
 INFO [2024-07-22 14:54:50,734] (%D:22) - User navigated to Homepage
 INFO [2024-07-22 14:55:01,036] (%D:22) - Clicked on Manage ACL Users
 INFO [2024-07-22 14:55:06,701] (%D:22) - Text Entered into Filter
 INFO [2024-07-22 14:55:09,837] (%D:22) - Clicked on Manage ACL User
 INFO [2024-07-22 14:55:09,838] (%D:22) - Generates Random Numbers
 INFO [2024-07-22 14:55:13,076] (%D:22) - Text Entered into Mobile Number
 INFO [2024-07-22 14:55:18,276] (%D:22) - Clicked on Update
 INFO [2024-07-22 14:55:25,755] (%D:22) - Text Entered into Filter
 INFO [2024-07-22 14:55:25,852] (%D:22) - Clicked on Manage ACL User
 INFO [2024-07-22 14:55:31,909] (%D:22) - Mobile Number is updated
 INFO [2024-07-22 14:55:31,909] (%D:17) - $$$$$$$$$$$$$$$$$$$$$$$$$$$$$$$$---END---$$$$$$$$$$$$$$$$$$$$$$$$$$$$$$$$$$$$$$$$$$$$$$
 INFO [2024-07-22 14:55:31,909] (%D:18) -     
 INFO [2024-07-22 14:57:39,558] (%D:10) - **********************************************************************************************
 INFO [2024-07-22 14:57:39,561] (%D:11) - $$$$$$$$$$$$$$$$$$$$$$$$$$$$$$$$Verify Add New Employee functionality as Manager      $$$$$$$$$$$$$$$$$$$$$$$$$$$$$$$$$$$$$$$$$$$$$$
 INFO [2024-07-22 14:57:39,562] (%D:12) - ***********************************************************************************************
 INFO [2024-07-22 14:57:49,441] (%D:22) - Clicked on clicked
 INFO [2024-07-22 14:57:49,616] (%D:22) - Text Entered into Enter Email id
 INFO [2024-07-22 14:57:49,714] (%D:22) - Clicked on clicked
 INFO [2024-07-22 14:57:49,790] (%D:22) - Text Entered into Enter password
 INFO [2024-07-22 14:57:49,875] (%D:22) - Clicked on Login
 INFO [2024-07-22 14:57:52,912] (%D:22) - User navigated to Homepage
 INFO [2024-07-22 14:57:58,154] (%D:22) - Clicked on Employees
 INFO [2024-07-22 14:57:58,504] (%D:22) - Clicked on Add New Employee
 INFO [2024-07-22 14:57:58,505] (%D:22) - Generated Alphanumeric values
 INFO [2024-07-22 14:57:58,505] (%D:22) - Generated Alphanumeric values
 INFO [2024-07-22 14:57:58,506] (%D:22) - Generated Alphanumeric values
 INFO [2024-07-22 14:57:58,506] (%D:22) - Generated Alphanumeric values
 INFO [2024-07-22 14:57:58,506] (%D:22) - Generated Alphanumeric values
 INFO [2024-07-22 14:57:58,507] (%D:22) - Generated Alphanumeric values
 INFO [2024-07-22 14:57:58,507] (%D:22) - Generated Alphanumeric values
 INFO [2024-07-22 14:57:58,507] (%D:22) - Generated Alphanumeric values
 INFO [2024-07-22 14:57:58,507] (%D:22) - Generated Alphanumeric values
 INFO [2024-07-22 14:57:58,508] (%D:22) - Generated Alphanumeric values
 INFO [2024-07-22 14:57:58,508] (%D:22) - Generated Alphanumeric values
 INFO [2024-07-22 14:57:58,509] (%D:22) - Generated Alphanumeric values
 INFO [2024-07-22 14:57:58,509] (%D:22) - Generated Alphanumeric values
 INFO [2024-07-22 14:57:58,511] (%D:22) - Generated Alphanumeric values
 INFO [2024-07-22 14:57:58,797] (%D:22) - Text Entered into First Name
 INFO [2024-07-22 14:57:58,997] (%D:22) - Text Entered into Last Name
 INFO [2024-07-22 14:57:59,183] (%D:22) - Text Entered into Mobile Number
 INFO [2024-07-22 14:57:59,375] (%D:22) - Text Entered into other Contact Number
 INFO [2024-07-22 14:57:59,627] (%D:22) - Text Entered into Email Address
 INFO [2024-07-22 14:57:59,823] (%D:22) - Text Entered into job Title
 INFO [2024-07-22 14:58:03,300] (%D:22) - Text Entered into Passport Number
 INFO [2024-07-22 14:58:03,704] (%D:22) - Text Entered into SA ID
 INFO [2024-07-22 14:58:03,867] (%D:22) - Clicked on Employee Residential Address Details
 INFO [2024-07-22 14:58:04,058] (%D:22) - Text Entered into Postal Code
 INFO [2024-07-22 14:58:04,479] (%D:22) - Text Entered into Postal Code
 INFO [2024-07-22 14:58:04,692] (%D:22) - Clicked on Emergency Contact Details
 INFO [2024-07-22 14:58:04,918] (%D:22) - Text Entered into First Name
 INFO [2024-07-22 14:58:05,105] (%D:22) - Text Entered into Last Name
 INFO [2024-07-22 14:58:05,286] (%D:22) - Text Entered into Mobile Number
 INFO [2024-07-22 14:58:05,467] (%D:22) - Text Entered into Other Contact Number
 INFO [2024-07-22 14:58:05,728] (%D:22) - Text Entered into Email Address
 INFO [2024-07-22 14:58:05,881] (%D:22) - Text Entered into Postal Code
 INFO [2024-07-22 14:58:06,002] (%D:22) - Clicked on Next of Kin Details
 INFO [2024-07-22 14:58:06,200] (%D:22) - Text Entered into First Name
 INFO [2024-07-22 14:58:06,399] (%D:22) - Text Entered into Last Name
 INFO [2024-07-22 14:58:06,573] (%D:22) - Text Entered into Mobile Number
 INFO [2024-07-22 14:58:06,778] (%D:22) - Text Entered into Relationship
 INFO [2024-07-22 14:58:06,900] (%D:22) - Clicked on Security Details
 INFO [2024-07-22 14:58:07,071] (%D:22) - Text Entered into Security Licence Number
 INFO [2024-07-22 14:58:07,500] (%D:22) - Text Entered into First Aid CPR
 INFO [2024-07-22 14:58:07,612] (%D:22) - Clicked on Compliance/Training/Certification Details
 INFO [2024-07-22 14:58:07,858] (%D:22) - Text Entered into Driver Licence
 INFO [2024-07-22 14:58:08,109] (%D:22) - Text Entered into Gun Licence
 INFO [2024-07-22 14:58:08,220] (%D:22) - Clicked on First Name
 INFO [2024-07-22 14:58:08,249] (%D:22) - Give Correct Name element is visible
 INFO [2024-07-22 14:58:08,263] (%D:22) - Give Corret Name element is visible
 INFO [2024-07-22 14:58:08,276] (%D:22) - Give Correct Mobile Number is visible
 INFO [2024-07-22 14:58:08,287] (%D:22) - Give Correct Number element is visible
 INFO [2024-07-22 14:58:08,302] (%D:22) - Invalid Email Format. element is visible
 INFO [2024-07-22 14:58:08,496] (%D:22) - Give Valid Passport Number element is visible
 INFO [2024-07-22 14:58:08,696] (%D:22) - Give Correct SA_ID element is visible
 INFO [2024-07-22 14:58:08,711] (%D:22) - Give Correct Postal Code element is visible
 INFO [2024-07-22 14:58:08,725] (%D:22) - Give Correct Postal Code element is visible
 INFO [2024-07-22 14:58:08,735] (%D:22) - Give Correct Name element is visible
 INFO [2024-07-22 14:58:08,747] (%D:22) - Give Correct Name element is visible
 INFO [2024-07-22 14:58:08,758] (%D:22) - Give Correct Mobile Number is visible
 INFO [2024-07-22 14:58:08,765] (%D:22) - Give Correct Number is visible
 INFO [2024-07-22 14:58:08,776] (%D:22) - Invalid email format. is visible
 INFO [2024-07-22 14:58:08,789] (%D:22) - Give Correct Postal Code is visible
 INFO [2024-07-22 14:58:08,801] (%D:22) - Give Correct Name element is visible
 INFO [2024-07-22 14:58:08,815] (%D:22) - Give Correct Name element is visible
 INFO [2024-07-22 14:58:08,827] (%D:22) - Give Correct Mobile Number element is visible
 INFO [2024-07-22 14:58:08,838] (%D:22) - Give Correct Name element is visible
 INFO [2024-07-22 14:58:08,850] (%D:22) - Give Correct Licence Number element is visible
 INFO [2024-07-22 14:58:08,862] (%D:22) - Give Correct Details element is visible
 INFO [2024-07-22 14:58:08,876] (%D:22) - Give Valid Driving Licence Number
 INFO [2024-07-22 14:58:08,887] (%D:22) - Give Valid Gun Licence Number element is visible
 INFO [2024-07-22 14:58:09,059] (%D:22) - Clicked on Cancel Button
 INFO [2024-07-22 14:58:09,199] (%D:22) - Clicked on Add New Employee
 INFO [2024-07-22 14:58:09,200] (%D:22) - Generates Random Alphabets
 INFO [2024-07-22 14:58:09,200] (%D:22) - Generates Random Alphabets
 INFO [2024-07-22 14:58:09,200] (%D:22) - Generates Random Numbers
 INFO [2024-07-22 14:58:09,200] (%D:22) - Generates Random Numbers
 INFO [2024-07-22 14:58:09,201] (%D:22) - Generates Random Alphabets
 INFO [2024-07-22 14:58:09,201] (%D:22) - Generates Random Numbers
 INFO [2024-07-22 14:58:09,202] (%D:22) - Generates Random Numbers
 INFO [2024-07-22 14:58:09,202] (%D:22) - Generates Random Alphabets
 INFO [2024-07-22 14:58:09,202] (%D:22) - Generates Random Alphabets
 INFO [2024-07-22 14:58:09,203] (%D:22) - Generates Random Numbers
 INFO [2024-07-22 14:58:09,203] (%D:22) - Generates Random Alphabets
 INFO [2024-07-22 14:58:09,203] (%D:22) - Generates Random Numbers
 INFO [2024-07-22 14:58:09,205] (%D:22) - Generates Random Numbers
 INFO [2024-07-22 14:58:09,380] (%D:22) - Text Entered into First Name
 INFO [2024-07-22 14:58:09,553] (%D:22) - Text Entered into Last Name
 INFO [2024-07-22 14:58:09,692] (%D:22) - Text Entered into Mobile Number
 INFO [2024-07-22 14:58:09,842] (%D:22) - Text Entered into Other Contact Number
 INFO [2024-07-22 14:58:10,044] (%D:22) - Text Entered into Job Title
 INFO [2024-07-22 14:58:10,434] (%D:22) - Text Entered into Passport Number
 INFO [2024-07-22 14:58:10,828] (%D:22) - Text Entered into SA ID
 INFO [2024-07-22 14:58:10,938] (%D:22) - Clicked on Employee Residential Details
 INFO [2024-07-22 14:58:11,289] (%D:22) - Text Entered into Street1
 INFO [2024-07-22 14:58:11,594] (%D:22) - Text Entered into Street2
 INFO [2024-07-22 14:58:11,712] (%D:22) - Text Entered into Postal Code
 INFO [2024-07-22 14:58:11,828] (%D:22) - Clicked on Postal Address Details
 INFO [2024-07-22 14:58:12,178] (%D:22) - Text Entered into Street1
 INFO [2024-07-22 14:58:12,498] (%D:22) - Text Entered into Street2
 INFO [2024-07-22 14:58:12,649] (%D:22) - Text Entered into Postal Code
 INFO [2024-07-22 14:58:12,810] (%D:22) - Clicked on Emergency Contact Details
 INFO [2024-07-22 14:58:12,991] (%D:22) - Text Entered into First Name
 INFO [2024-07-22 14:58:13,191] (%D:22) - Text Entered into Last Name
 INFO [2024-07-22 14:58:13,349] (%D:22) - Text Entered into Mobile Number
 INFO [2024-07-22 14:58:13,507] (%D:22) - Text Entered into Other Contact Number
 INFO [2024-07-22 14:58:13,880] (%D:22) - Text Entered into Street1
 INFO [2024-07-22 14:58:14,218] (%D:22) - Text Entered into Street2
 INFO [2024-07-22 14:58:14,348] (%D:22) - Text Entered into Postal Code
 INFO [2024-07-22 14:58:14,447] (%D:22) - Clicked on Kin Details
 INFO [2024-07-22 14:58:14,645] (%D:22) - Text Entered into First Name
 INFO [2024-07-22 14:58:14,845] (%D:22) - Text Entered into Last Name
 INFO [2024-07-22 14:58:15,006] (%D:22) - Text Entered into Mobile Number
 INFO [2024-07-22 14:58:15,213] (%D:22) - Text Entered into Relationship
 INFO [2024-07-22 14:58:15,314] (%D:22) - Clicked on Compliance Details
 INFO [2024-07-22 14:58:15,497] (%D:22) - Text Entered into Driver Licence
 INFO [2024-07-22 14:58:15,667] (%D:22) - Text Entered into Gun Licence
 INFO [2024-07-22 14:58:15,765] (%D:22) - Clicked on First Name
 INFO [2024-07-22 14:58:15,801] (%D:22) - Maximum 25 Characters Allowed. element is visible
 INFO [2024-07-22 14:58:15,813] (%D:22) - Maximum 25 Characters Allowed. element is visible
 INFO [2024-07-22 14:58:15,826] (%D:22) - Give Correct Mobile Number element is visible
 INFO [2024-07-22 14:58:15,838] (%D:22) - Give Correct Number element is visible
 INFO [2024-07-22 14:58:15,847] (%D:22) - Max 25 Characters Allowed element is visible
 INFO [2024-07-22 14:58:19,071] (%D:22) - Give Valid Passport Number element is visible
 INFO [2024-07-22 14:58:19,278] (%D:22) - Give Correct SA_ID element is visible
 INFO [2024-07-22 14:58:19,293] (%D:22) - Maximum 100 Characters Allowed. element is visible
 INFO [2024-07-22 14:58:19,308] (%D:22) - Maximum 100 characters allowed. element is visible
 INFO [2024-07-22 14:58:19,319] (%D:22) - Give Correct Postal Code elemnt is visible
 INFO [2024-07-22 14:58:19,333] (%D:22) - Maximum 100 characters allowed. element is visible
 INFO [2024-07-22 14:58:19,343] (%D:22) - Maximum 100 characters allowed. element is visible
 INFO [2024-07-22 14:58:19,354] (%D:22) - Give Correct Postal Code element is visible
 INFO [2024-07-22 14:58:19,368] (%D:22) - Maximum 25 characters Allowed. element is visible
 INFO [2024-07-22 14:58:19,379] (%D:22) - Maximum 25 characters Allowed. element is visible
 INFO [2024-07-22 14:58:19,393] (%D:22) - Give Correct Mobile Number element is visible
 INFO [2024-07-22 14:58:19,406] (%D:22) - Give Correct Number element is visible
 INFO [2024-07-22 14:58:19,419] (%D:22) - Maximum 100 characters allowed. element is visible
 INFO [2024-07-22 14:58:19,430] (%D:22) - Maximum 100 characters allowed. element is visible
 INFO [2024-07-22 14:58:19,442] (%D:22) - Give Correct Postal Code element is visible
 INFO [2024-07-22 14:58:19,454] (%D:22) - Maximum 25 characters allowed. element is visible
 INFO [2024-07-22 14:58:19,464] (%D:22) - Maximum 25 characters allowed. element is visible
 INFO [2024-07-22 14:58:19,475] (%D:22) - Give Correct Mobile Number element is visible
 INFO [2024-07-22 14:58:19,488] (%D:22) - Maximum 25 characters allowed. element is visible
 INFO [2024-07-22 14:58:19,499] (%D:22) - Give Valid Driving Licence Number element is visible
 INFO [2024-07-22 14:58:19,511] (%D:22) - Give Valid Gun Licence Number element is visible
 INFO [2024-07-22 14:58:19,685] (%D:22) - Clicked on Cancel Button
 INFO [2024-07-22 14:58:19,810] (%D:22) - Clicked on Add New Employee
 INFO [2024-07-22 14:58:19,914] (%D:22) - Clicked on Save Button
 INFO [2024-07-22 14:58:19,926] (%D:22) - New Employee not created
 INFO [2024-07-22 14:58:20,047] (%D:22) - Clicked on Cancel Button
 INFO [2024-07-22 14:58:20,175] (%D:22) - Clicked on Add New Employee
 INFO [2024-07-22 14:58:20,427] (%D:22) - Text Entered into First Name
 INFO [2024-07-22 14:58:20,559] (%D:22) - Text Entered into lastName
 INFO [2024-07-22 14:58:20,758] (%D:22) - Clicked on Country Code
 INFO [2024-07-22 14:58:23,147] (%D:22) - Text Entered into Mobile Number
 INFO [2024-07-22 14:58:23,301] (%D:22) - Text Entered into Other Contact Number
 INFO [2024-07-22 14:58:23,473] (%D:22) - Text Entered into email Address
 INFO [2024-07-22 14:58:23,626] (%D:22) - Text Entered into job Title
 INFO [2024-07-22 14:58:26,417] (%D:22) - Clicked on Birthday Calendar Button
 INFO [2024-07-22 14:58:27,635] (%D:22) - Clicked on Birthday Calendar Arrow
 INFO [2024-07-22 14:58:28,809] (%D:22) - Clicked on Year
 INFO [2024-07-22 14:58:30,040] (%D:22) - Clicked on Month
 INFO [2024-07-22 14:58:31,172] (%D:22) - Clicked on Date
 INFO [2024-07-22 14:58:34,947] (%D:22) - Text Entered into Passport Number
 INFO [2024-07-22 14:58:38,215] (%D:22) - Clicked on Passport Calendar Button
 INFO [2024-07-22 14:58:39,363] (%D:22) - Clicked on Passport Calendar Arrow
 INFO [2024-07-22 14:58:40,543] (%D:22) - Clicked on Year
 INFO [2024-07-22 14:58:41,702] (%D:22) - Clicked on Month
 INFO [2024-07-22 14:58:42,930] (%D:22) - Clicked on Date
 INFO [2024-07-22 14:58:45,487] (%D:22) - Text Entered into SA ID
 INFO [2024-07-22 14:58:48,628] (%D:22) - Clicked on Employee Residential Details
 INFO [2024-07-22 14:58:48,715] (%D:22) - Clicked on Employee Residential Details
 INFO [2024-07-22 14:58:48,961] (%D:22) - Text Entered into Street1
 INFO [2024-07-22 14:58:49,191] (%D:22) - Text Entered into Street2
 INFO [2024-07-22 14:58:49,679] (%D:22) - Province is auto-populated
 INFO [2024-07-22 14:58:49,835] (%D:22) - Text Entered into Postal Code
 INFO [2024-07-22 14:58:50,428] (%D:22) - Clicked on Postal Address Details
 INFO [2024-07-22 14:58:50,665] (%D:22) - Text Entered into Street1
 INFO [2024-07-22 14:58:50,908] (%D:22) - Text Entered into Street2
 INFO [2024-07-22 14:58:51,398] (%D:22) - Province is auto-populated
 INFO [2024-07-22 14:58:51,534] (%D:22) - Text Entered into Postal Code
 INFO [2024-07-22 14:58:52,086] (%D:22) - Clicked on  Next Of Kin Details
 INFO [2024-07-22 14:58:52,245] (%D:22) - Text Entered into First Name
 INFO [2024-07-22 14:58:52,387] (%D:22) - Text Entered into Last Name
 INFO [2024-07-22 14:58:52,554] (%D:22) - Text Entered into Mobile Number
 INFO [2024-07-22 14:58:52,710] (%D:22) - Text Entered into Relationship
 INFO [2024-07-22 14:58:52,831] (%D:22) - Clicked on Emergency Contact Details
 INFO [2024-07-22 14:58:52,975] (%D:22) - Text Entered into First Name
 INFO [2024-07-22 14:58:53,125] (%D:22) - Text Entered into Last Name
 INFO [2024-07-22 14:58:53,312] (%D:22) - Text Entered into Mobile Number
 INFO [2024-07-22 14:58:53,470] (%D:22) - Text Entered into Other Contact Number
 INFO [2024-07-22 14:58:53,643] (%D:22) - Text Entered into email Address
 INFO [2024-07-22 14:58:54,035] (%D:22) - Text Entered into Street1
 INFO [2024-07-22 14:58:54,156] (%D:22) - Text Entered into Street2
 INFO [2024-07-22 14:58:54,643] (%D:22) - Province is auto-populated
 INFO [2024-07-22 14:58:54,782] (%D:22) - Text Entered into Postal Code
 INFO [2024-07-22 14:59:00,324] (%D:22) - Clicked on Security Details
 INFO [2024-07-22 14:59:00,508] (%D:22) - Text Entered into Security Licence Number
 INFO [2024-07-22 14:59:02,735] (%D:22) - Clicked on Security Calendar Button
 INFO [2024-07-22 14:59:03,940] (%D:22) - Clicked on Security Calendar Arrow
 INFO [2024-07-22 14:59:05,067] (%D:22) - Clicked on Year
 INFO [2024-07-22 14:59:06,190] (%D:22) - Clicked on Month
 INFO [2024-07-22 14:59:07,306] (%D:22) - Clicked on Date
 INFO [2024-07-22 14:59:07,423] (%D:22) - Clicked on First Aid Details
 INFO [2024-07-22 14:59:07,584] (%D:22) - Text Entered into First Aid CPR
 INFO [2024-07-22 14:59:09,712] (%D:22) - Clicked on First Aid Calendar Button
 INFO [2024-07-22 14:59:10,814] (%D:22) - Clicked on First Aid Calendar Arrow
 INFO [2024-07-22 14:59:11,942] (%D:22) - Clicked on Year
 INFO [2024-07-22 14:59:13,034] (%D:22) - Clicked on Month
 INFO [2024-07-22 14:59:14,149] (%D:22) - Clicked on Date
 INFO [2024-07-22 14:59:14,334] (%D:22) - Clicked on complianceDetails
 INFO [2024-07-22 14:59:14,536] (%D:22) - Text Entered into Driver Licence
 INFO [2024-07-22 14:59:16,765] (%D:22) - Clicked on Driver Licence Calendar Button
 INFO [2024-07-22 14:59:17,822] (%D:22) - Clicked on Driver Licence Calendar Arrow
 INFO [2024-07-22 14:59:18,943] (%D:22) - Clicked on Year
 INFO [2024-07-22 14:59:20,046] (%D:22) - Clicked on Month
 INFO [2024-07-22 14:59:21,138] (%D:22) - Clicked on Date
 INFO [2024-07-22 14:59:21,325] (%D:22) - Text Entered into Gun Licence
 INFO [2024-07-22 14:59:23,484] (%D:22) - Clicked on Gun Licence Calendar Button
 INFO [2024-07-22 14:59:24,598] (%D:22) - Clicked on Gun Licence Calendar Arrow
 INFO [2024-07-22 14:59:25,712] (%D:22) - Clicked on Year
 INFO [2024-07-22 14:59:26,821] (%D:22) - Clicked on Month
 INFO [2024-07-22 14:59:27,929] (%D:22) - Clicked on Date
 INFO [2024-07-22 14:59:28,129] (%D:22) - Clicked on Equipment Details
 INFO [2024-07-22 14:59:32,621] (%D:22) - Clicked on Contract Details
 INFO [2024-07-22 14:59:35,239] (%D:22) - Clicked on Contract Start Calendar Button
 INFO [2024-07-22 14:59:36,339] (%D:22) - Clicked on Contract Start Calendar Arrow
 INFO [2024-07-22 14:59:37,467] (%D:22) - Clicked on Year
 INFO [2024-07-22 14:59:38,676] (%D:22) - Clicked on Month
 INFO [2024-07-22 14:59:39,772] (%D:22) - Clicked on Date
 INFO [2024-07-22 14:59:42,007] (%D:22) - Clicked on Contract End Calendar Button
 INFO [2024-07-22 14:59:43,179] (%D:22) - Clicked on Contract End Calendar Arrow
 INFO [2024-07-22 14:59:44,356] (%D:22) - Clicked on Year
 INFO [2024-07-22 14:59:45,582] (%D:22) - Clicked on Month
 INFO [2024-07-22 14:59:46,773] (%D:22) - Clicked on Date
 INFO [2024-07-22 14:59:52,472] (%D:22) - Clicked on Save
 INFO [2024-07-22 15:00:02,788] (%D:22) - Text Entered into Filter
 INFO [2024-07-22 15:00:02,838] (%D:22) - Text got from Filtered Data
 INFO [2024-07-22 15:00:02,838] (%D:22) - New Manager is created successfully
 INFO [2024-07-22 15:00:02,840] (%D:17) - $$$$$$$$$$$$$$$$$$$$$$$$$$$$$$$$---END---$$$$$$$$$$$$$$$$$$$$$$$$$$$$$$$$$$$$$$$$$$$$$$
 INFO [2024-07-22 15:00:02,840] (%D:18) -     
 INFO [2024-07-22 15:00:02,972] (%D:10) - **********************************************************************************************
 INFO [2024-07-22 15:00:02,972] (%D:11) - $$$$$$$$$$$$$$$$$$$$$$$$$$$$$$$$Verify Add New Employee functionality as Supervisor      $$$$$$$$$$$$$$$$$$$$$$$$$$$$$$$$$$$$$$$$$$$$$$
 INFO [2024-07-22 15:00:02,972] (%D:12) - ***********************************************************************************************
 INFO [2024-07-22 15:00:10,245] (%D:22) - Clicked on clicked
 INFO [2024-07-22 15:00:10,358] (%D:22) - Text Entered into Enter Email id
 INFO [2024-07-22 15:00:10,441] (%D:22) - Clicked on clicked
 INFO [2024-07-22 15:00:10,515] (%D:22) - Text Entered into Enter password
 INFO [2024-07-22 15:00:10,594] (%D:22) - Clicked on Login
 INFO [2024-07-22 15:00:13,642] (%D:22) - User navigated to Homepage
 INFO [2024-07-22 15:00:18,886] (%D:22) - Clicked on Employees
 INFO [2024-07-22 15:00:19,085] (%D:22) - Clicked on Add New Employee
 INFO [2024-07-22 15:00:29,362] (%D:22) - Text Entered into First Name
 INFO [2024-07-22 15:00:29,505] (%D:22) - Text Entered into lastName
 INFO [2024-07-22 15:00:29,645] (%D:22) - Clicked on Country Code
 INFO [2024-07-22 15:00:32,035] (%D:22) - Text Entered into Mobile Number
 INFO [2024-07-22 15:00:32,200] (%D:22) - Text Entered into Other Contact Number
 INFO [2024-07-22 15:00:32,404] (%D:22) - Text Entered into email Address
 INFO [2024-07-22 15:00:32,548] (%D:22) - Text Entered into job Title
 INFO [2024-07-22 15:00:35,139] (%D:22) - Clicked on Birthday Calendar Button
 INFO [2024-07-22 15:00:36,282] (%D:22) - Clicked on Birthday Calendar Arrow
 INFO [2024-07-22 15:00:37,400] (%D:22) - Clicked on Year
 INFO [2024-07-22 15:00:38,534] (%D:22) - Clicked on Month
 INFO [2024-07-22 15:00:39,636] (%D:22) - Clicked on Date
 INFO [2024-07-22 15:00:43,479] (%D:22) - Text Entered into Passport Number
 INFO [2024-07-22 15:00:46,627] (%D:22) - Clicked on Passport Calendar Button
 INFO [2024-07-22 15:00:47,760] (%D:22) - Clicked on Passport Calendar Arrow
 INFO [2024-07-22 15:00:48,953] (%D:22) - Clicked on Year
 INFO [2024-07-22 15:00:50,081] (%D:22) - Clicked on Month
 INFO [2024-07-22 15:00:51,241] (%D:22) - Clicked on Date
 INFO [2024-07-22 15:00:53,639] (%D:22) - Text Entered into SA ID
 INFO [2024-07-22 15:00:53,727] (%D:22) - Clicked on Employee Residential Details
 INFO [2024-07-22 15:00:53,827] (%D:22) - Clicked on Employee Residential Details
 INFO [2024-07-22 15:00:54,134] (%D:22) - Text Entered into Street1
 INFO [2024-07-22 15:00:54,387] (%D:22) - Text Entered into Street2
 INFO [2024-07-22 15:00:54,832] (%D:22) - Province is auto-populated
 INFO [2024-07-22 15:00:54,988] (%D:22) - Text Entered into Postal Code
 INFO [2024-07-22 15:00:55,533] (%D:22) - Clicked on Postal Address Details
 INFO [2024-07-22 15:00:55,826] (%D:22) - Text Entered into Street1
 INFO [2024-07-22 15:00:56,077] (%D:22) - Text Entered into Street2
 INFO [2024-07-22 15:00:56,533] (%D:22) - Province is auto-populated
 INFO [2024-07-22 15:00:56,719] (%D:22) - Text Entered into Postal Code
 INFO [2024-07-22 15:00:57,238] (%D:22) - Clicked on  Next Of Kin Details
 INFO [2024-07-22 15:00:57,387] (%D:22) - Text Entered into First Name
 INFO [2024-07-22 15:00:57,555] (%D:22) - Text Entered into Last Name
 INFO [2024-07-22 15:00:57,709] (%D:22) - Text Entered into Mobile Number
 INFO [2024-07-22 15:00:57,849] (%D:22) - Text Entered into Relationship
 INFO [2024-07-22 15:00:57,987] (%D:22) - Clicked on Emergency Contact Details
 INFO [2024-07-22 15:00:58,165] (%D:22) - Text Entered into First Name
 INFO [2024-07-22 15:00:58,316] (%D:22) - Text Entered into Last Name
 INFO [2024-07-22 15:00:58,527] (%D:22) - Text Entered into Mobile Number
 INFO [2024-07-22 15:00:58,725] (%D:22) - Text Entered into Other Contact Number
 INFO [2024-07-22 15:00:58,888] (%D:22) - Text Entered into email Address
 INFO [2024-07-22 15:00:59,230] (%D:22) - Text Entered into Street1
 INFO [2024-07-22 15:00:59,348] (%D:22) - Text Entered into Street2
 INFO [2024-07-22 15:00:59,797] (%D:22) - Province is auto-populated
 INFO [2024-07-22 15:00:59,967] (%D:22) - Text Entered into Postal Code
 INFO [2024-07-22 15:01:01,115] (%D:22) - Clicked on Security Details
 INFO [2024-07-22 15:01:01,324] (%D:22) - Text Entered into Security Licence Number
 INFO [2024-07-22 15:01:04,483] (%D:22) - Clicked on Security Calendar Button
 INFO [2024-07-22 15:01:05,625] (%D:22) - Clicked on Security Calendar Arrow
 INFO [2024-07-22 15:01:06,723] (%D:22) - Clicked on Year
 INFO [2024-07-22 15:01:07,825] (%D:22) - Clicked on Month
 INFO [2024-07-22 15:01:08,947] (%D:22) - Clicked on Date
 INFO [2024-07-22 15:01:09,070] (%D:22) - Clicked on First Aid Details
 INFO [2024-07-22 15:01:09,227] (%D:22) - Text Entered into First Aid CPR
 INFO [2024-07-22 15:01:11,365] (%D:22) - Clicked on First Aid Calendar Button
 INFO [2024-07-22 15:01:12,463] (%D:22) - Clicked on First Aid Calendar Arrow
 INFO [2024-07-22 15:01:13,581] (%D:22) - Clicked on Year
 INFO [2024-07-22 15:01:14,702] (%D:22) - Clicked on Month
 INFO [2024-07-22 15:01:15,837] (%D:22) - Clicked on Date
 INFO [2024-07-22 15:01:16,015] (%D:22) - Clicked on complianceDetails
 INFO [2024-07-22 15:01:16,178] (%D:22) - Text Entered into Driver Licence
 INFO [2024-07-22 15:01:18,313] (%D:22) - Clicked on Driver Licence Calendar Button
 INFO [2024-07-22 15:01:19,470] (%D:22) - Clicked on Driver Licence Calendar Arrow
 INFO [2024-07-22 15:01:20,626] (%D:22) - Clicked on Year
 INFO [2024-07-22 15:01:21,783] (%D:22) - Clicked on Month
 INFO [2024-07-22 15:01:22,916] (%D:22) - Clicked on Date
 INFO [2024-07-22 15:01:23,107] (%D:22) - Text Entered into Gun Licence
 INFO [2024-07-22 15:01:25,299] (%D:22) - Clicked on Gun Licence Calendar Button
 INFO [2024-07-22 15:01:26,379] (%D:22) - Clicked on Gun Licence Calendar Arrow
 INFO [2024-07-22 15:01:27,482] (%D:22) - Clicked on Year
 INFO [2024-07-22 15:01:28,578] (%D:22) - Clicked on Month
 INFO [2024-07-22 15:01:29,703] (%D:22) - Clicked on Date
 INFO [2024-07-22 15:01:29,901] (%D:22) - Clicked on Equipment Details
 INFO [2024-07-22 15:01:34,193] (%D:22) - Clicked on Contract Details
 INFO [2024-07-22 15:01:36,792] (%D:22) - Clicked on Contract Start Calendar Button
 INFO [2024-07-22 15:01:37,887] (%D:22) - Clicked on Contract Start Calendar Arrow
 INFO [2024-07-22 15:01:39,004] (%D:22) - Clicked on Year
 INFO [2024-07-22 15:01:40,131] (%D:22) - Clicked on Month
 INFO [2024-07-22 15:01:41,239] (%D:22) - Clicked on Date
 INFO [2024-07-22 15:01:57,098] (%D:22) - Clicked on Save
 INFO [2024-07-22 15:02:05,410] (%D:22) - Text Entered into Filter
 INFO [2024-07-22 15:02:05,467] (%D:22) - Text got from Filtered Data
 INFO [2024-07-22 15:02:05,467] (%D:22) - New Supervisor is created successfully
 INFO [2024-07-22 15:02:05,467] (%D:17) - $$$$$$$$$$$$$$$$$$$$$$$$$$$$$$$$---END---$$$$$$$$$$$$$$$$$$$$$$$$$$$$$$$$$$$$$$$$$$$$$$
 INFO [2024-07-22 15:02:05,467] (%D:18) -     
 INFO [2024-07-22 15:02:05,570] (%D:10) - **********************************************************************************************
 INFO [2024-07-22 15:02:05,570] (%D:11) - $$$$$$$$$$$$$$$$$$$$$$$$$$$$$$$$Verify Add New Employee functionality as Employee      $$$$$$$$$$$$$$$$$$$$$$$$$$$$$$$$$$$$$$$$$$$$$$
 INFO [2024-07-22 15:02:05,570] (%D:12) - ***********************************************************************************************
 INFO [2024-07-22 15:02:12,813] (%D:22) - Clicked on clicked
 INFO [2024-07-22 15:02:12,917] (%D:22) - Text Entered into Enter Email id
 INFO [2024-07-22 15:02:13,012] (%D:22) - Clicked on clicked
 INFO [2024-07-22 15:02:13,093] (%D:22) - Text Entered into Enter password
 INFO [2024-07-22 15:02:13,167] (%D:22) - Clicked on Login
 INFO [2024-07-22 15:02:16,192] (%D:22) - User navigated to Homepage
 INFO [2024-07-22 15:02:21,451] (%D:22) - Clicked on Employees
 INFO [2024-07-22 15:02:21,668] (%D:22) - Clicked on Add New Employee
 INFO [2024-07-22 15:02:31,914] (%D:22) - Text Entered into First Name
 INFO [2024-07-22 15:02:32,056] (%D:22) - Text Entered into lastName
 INFO [2024-07-22 15:02:32,195] (%D:22) - Clicked on Country Code
 INFO [2024-07-22 15:02:34,619] (%D:22) - Text Entered into Mobile Number
 INFO [2024-07-22 15:02:34,790] (%D:22) - Text Entered into Other Contact Number
 INFO [2024-07-22 15:02:34,997] (%D:22) - Text Entered into email Address
 INFO [2024-07-22 15:02:35,147] (%D:22) - Text Entered into job Title
 INFO [2024-07-22 15:02:40,389] (%D:22) - Clicked on Birthday Calendar Button
 INFO [2024-07-22 15:02:41,523] (%D:22) - Clicked on Birthday Calendar Arrow
 INFO [2024-07-22 15:02:42,629] (%D:22) - Clicked on Year
 INFO [2024-07-22 15:02:43,745] (%D:22) - Clicked on Month
 INFO [2024-07-22 15:02:44,907] (%D:22) - Clicked on Date
 INFO [2024-07-22 15:02:48,294] (%D:22) - Text Entered into Passport Number
 INFO [2024-07-22 15:02:50,421] (%D:22) - Clicked on Passport Calendar Button
 INFO [2024-07-22 15:02:51,574] (%D:22) - Clicked on Passport Calendar Arrow
 INFO [2024-07-22 15:02:52,795] (%D:22) - Clicked on Year
 INFO [2024-07-22 15:02:54,019] (%D:22) - Clicked on Month
 INFO [2024-07-22 15:02:55,143] (%D:22) - Clicked on Date
 INFO [2024-07-22 15:02:57,582] (%D:22) - Text Entered into SA ID
 INFO [2024-07-22 15:03:00,736] (%D:22) - Clicked on Employee Residential Details
 INFO [2024-07-22 15:03:00,833] (%D:22) - Clicked on Employee Residential Details
 INFO [2024-07-22 15:03:01,146] (%D:22) - Text Entered into Street1
 INFO [2024-07-22 15:03:01,374] (%D:22) - Text Entered into Street2
 INFO [2024-07-22 15:03:01,887] (%D:22) - Province is auto-populated
 INFO [2024-07-22 15:03:02,020] (%D:22) - Text Entered into Postal Code
 INFO [2024-07-22 15:03:02,578] (%D:22) - Clicked on Postal Address Details
 INFO [2024-07-22 15:03:02,846] (%D:22) - Text Entered into Street1
 INFO [2024-07-22 15:03:03,127] (%D:22) - Text Entered into Street2
 INFO [2024-07-22 15:03:03,642] (%D:22) - Province is auto-populated
 INFO [2024-07-22 15:03:03,788] (%D:22) - Text Entered into Postal Code
 INFO [2024-07-22 15:03:04,275] (%D:22) - Clicked on  Next Of Kin Details
 INFO [2024-07-22 15:03:04,447] (%D:22) - Text Entered into First Name
 INFO [2024-07-22 15:03:04,637] (%D:22) - Text Entered into Last Name
 INFO [2024-07-22 15:03:04,797] (%D:22) - Text Entered into Mobile Number
 INFO [2024-07-22 15:03:04,957] (%D:22) - Text Entered into Relationship
 INFO [2024-07-22 15:03:05,091] (%D:22) - Clicked on Emergency Contact Details
 INFO [2024-07-22 15:03:05,250] (%D:22) - Text Entered into First Name
 INFO [2024-07-22 15:03:05,418] (%D:22) - Text Entered into Last Name
 INFO [2024-07-22 15:03:05,575] (%D:22) - Text Entered into Mobile Number
 INFO [2024-07-22 15:03:05,758] (%D:22) - Text Entered into Other Contact Number
 INFO [2024-07-22 15:03:05,936] (%D:22) - Text Entered into email Address
 INFO [2024-07-22 15:03:06,291] (%D:22) - Text Entered into Street1
 INFO [2024-07-22 15:03:06,410] (%D:22) - Text Entered into Street2
 INFO [2024-07-22 15:03:06,915] (%D:22) - Province is auto-populated
 INFO [2024-07-22 15:03:07,074] (%D:22) - Text Entered into Postal Code
 INFO [2024-07-22 15:03:07,577] (%D:22) - Clicked on Security Details
 INFO [2024-07-22 15:03:10,736] (%D:22) - Text Entered into Security Licence Number
 INFO [2024-07-22 15:03:13,029] (%D:22) - Clicked on Security Calendar Button
 INFO [2024-07-22 15:03:14,139] (%D:22) - Clicked on Security Calendar Arrow
 INFO [2024-07-22 15:03:15,305] (%D:22) - Clicked on Year
 INFO [2024-07-22 15:03:16,436] (%D:22) - Clicked on Month
 INFO [2024-07-22 15:03:17,590] (%D:22) - Clicked on Date
 INFO [2024-07-22 15:03:17,722] (%D:22) - Clicked on First Aid Details
 INFO [2024-07-22 15:03:20,917] (%D:22) - Text Entered into First Aid CPR
 INFO [2024-07-22 15:03:23,135] (%D:22) - Clicked on First Aid Calendar Button
 INFO [2024-07-22 15:03:24,197] (%D:22) - Clicked on First Aid Calendar Arrow
 INFO [2024-07-22 15:03:25,340] (%D:22) - Clicked on Year
 INFO [2024-07-22 15:03:26,469] (%D:22) - Clicked on Month
 INFO [2024-07-22 15:03:27,629] (%D:22) - Clicked on Date
 INFO [2024-07-22 15:03:27,809] (%D:22) - Clicked on complianceDetails
 INFO [2024-07-22 15:03:31,028] (%D:22) - Text Entered into Driver Licence
 INFO [2024-07-22 15:03:33,259] (%D:22) - Clicked on Driver Licence Calendar Button
 INFO [2024-07-22 15:03:34,384] (%D:22) - Clicked on Driver Licence Calendar Arrow
 INFO [2024-07-22 15:03:35,478] (%D:22) - Clicked on Year
 INFO [2024-07-22 15:03:36,651] (%D:22) - Clicked on Month
 INFO [2024-07-22 15:03:37,809] (%D:22) - Clicked on Date
 INFO [2024-07-22 15:03:37,994] (%D:22) - Text Entered into Gun Licence
 INFO [2024-07-22 15:03:40,237] (%D:22) - Clicked on Gun Licence Calendar Button
 INFO [2024-07-22 15:03:41,434] (%D:22) - Clicked on Gun Licence Calendar Arrow
 INFO [2024-07-22 15:03:42,543] (%D:22) - Clicked on Year
 INFO [2024-07-22 15:03:43,680] (%D:22) - Clicked on Month
 INFO [2024-07-22 15:03:44,776] (%D:22) - Clicked on Date
 INFO [2024-07-22 15:03:44,968] (%D:22) - Clicked on Equipment Details
 INFO [2024-07-22 15:03:50,292] (%D:22) - Clicked on Contract Details
 INFO [2024-07-22 15:03:52,887] (%D:22) - Clicked on Contract Start Calendar Button
 INFO [2024-07-22 15:03:52,975] (%D:22) - Clicked on Contract Start Calendar Arrow
 INFO [2024-07-22 15:03:54,114] (%D:22) - Clicked on Year
 INFO [2024-07-22 15:03:55,208] (%D:22) - Clicked on Month
 INFO [2024-07-22 15:03:56,303] (%D:22) - Clicked on Date
 INFO [2024-07-22 15:04:03,713] (%D:22) - Clicked on Parent Contact Name
 INFO [2024-07-22 15:04:12,093] (%D:22) - Clicked on Save
 INFO [2024-07-22 15:04:22,399] (%D:22) - Text Entered into Filter
 INFO [2024-07-22 15:04:22,459] (%D:22) - Text got from Filtered Data
 INFO [2024-07-22 15:04:22,459] (%D:22) - New Employee is created successfully
 INFO [2024-07-22 15:04:22,459] (%D:17) - $$$$$$$$$$$$$$$$$$$$$$$$$$$$$$$$---END---$$$$$$$$$$$$$$$$$$$$$$$$$$$$$$$$$$$$$$$$$$$$$$
 INFO [2024-07-22 15:04:22,459] (%D:18) -     
 INFO [2024-07-22 15:04:22,512] (%D:10) - **********************************************************************************************
 INFO [2024-07-22 15:04:22,512] (%D:11) - $$$$$$$$$$$$$$$$$$$$$$$$$$$$$$$$Verify the Active Employees and Inactive Employees filter functionality      $$$$$$$$$$$$$$$$$$$$$$$$$$$$$$$$$$$$$$$$$$$$$$
 INFO [2024-07-22 15:04:22,512] (%D:12) - ***********************************************************************************************
 INFO [2024-07-22 15:04:30,136] (%D:22) - Clicked on clicked
 INFO [2024-07-22 15:04:30,251] (%D:22) - Text Entered into Enter Email id
 INFO [2024-07-22 15:04:30,332] (%D:22) - Clicked on clicked
 INFO [2024-07-22 15:04:30,403] (%D:22) - Text Entered into Enter password
 INFO [2024-07-22 15:04:30,479] (%D:22) - Clicked on Login
 INFO [2024-07-22 15:04:33,498] (%D:22) - User navigated to Homepage
 INFO [2024-07-22 15:04:38,851] (%D:22) - Clicked on Employees
 INFO [2024-07-22 15:04:44,503] (%D:22) - Text Entered into Filters
 INFO [2024-07-22 15:04:44,559] (%D:22) - Text got from EmployeeID
 INFO [2024-07-22 15:04:44,601] (%D:22) - Text got from Filtered Data
 INFO [2024-07-22 15:04:44,601] (%D:22) - Filtered data is displayed
 INFO [2024-07-22 15:04:44,601] (%D:22) - Generated Alphanumeric values
 INFO [2024-07-22 15:04:44,856] (%D:22) - Text Entered into Filter
 INFO [2024-07-22 15:04:44,873] (%D:22) -  No data matching the filter message is displayed
 INFO [2024-07-22 15:04:48,294] (%D:22) - Text Entered into Filters
 INFO [2024-07-22 15:04:48,675] (%D:22) - Clicked on Manage Employee
 INFO [2024-07-22 15:04:51,895] (%D:22) - Clicked on Deactivate
 INFO [2024-07-22 15:04:55,021] (%D:22) - Clicked on Inactive Employees
 INFO [2024-07-22 15:05:00,376] (%D:22) - Text Entered into Filters
 INFO [2024-07-22 15:05:00,428] (%D:22) - Text got from Filtered Data
 INFO [2024-07-22 15:05:00,428] (%D:22) - Filtered data is displayed
 INFO [2024-07-22 15:05:00,428] (%D:22) - Generated Alphanumeric values
 INFO [2024-07-22 15:05:00,635] (%D:22) - Text Entered into Filter
 INFO [2024-07-22 15:05:00,647] (%D:22) -  No data matching the filter message is displayed
 INFO [2024-07-22 15:05:00,748] (%D:22) - Clicked on Items Dropdown
 INFO [2024-07-22 15:05:02,980] (%D:22) - Clicked on Items Dropdown Option
 INFO [2024-07-22 15:05:02,980] (%D:17) - $$$$$$$$$$$$$$$$$$$$$$$$$$$$$$$$---END---$$$$$$$$$$$$$$$$$$$$$$$$$$$$$$$$$$$$$$$$$$$$$$
 INFO [2024-07-22 15:05:02,980] (%D:18) -     
 INFO [2024-07-22 15:05:03,072] (%D:10) - **********************************************************************************************
 INFO [2024-07-22 15:05:03,072] (%D:11) - $$$$$$$$$$$$$$$$$$$$$$$$$$$$$$$$Verify the Manage Employees functionality of Active Employees and Inactive Employees      $$$$$$$$$$$$$$$$$$$$$$$$$$$$$$$$$$$$$$$$$$$$$$
 INFO [2024-07-22 15:05:03,072] (%D:12) - ***********************************************************************************************
 INFO [2024-07-22 15:05:10,502] (%D:22) - Clicked on clicked
 INFO [2024-07-22 15:05:10,655] (%D:22) - Text Entered into Enter Email id
 INFO [2024-07-22 15:05:10,739] (%D:22) - Clicked on clicked
 INFO [2024-07-22 15:05:10,827] (%D:22) - Text Entered into Enter password
 INFO [2024-07-22 15:05:10,930] (%D:22) - Clicked on Login
 INFO [2024-07-22 15:05:13,935] (%D:22) - User navigated to Homepage
 INFO [2024-07-22 15:05:19,205] (%D:22) - Clicked on Employees
 INFO [2024-07-22 15:05:24,447] (%D:22) - Text Entered into Filters
 INFO [2024-07-22 15:05:24,609] (%D:22) - Clicked on Manage Employee
 INFO [2024-07-22 15:05:24,609] (%D:22) - Generates Random Numbers
 INFO [2024-07-22 15:05:27,845] (%D:22) - Text Entered into Other Contact Number
 INFO [2024-07-22 15:05:33,047] (%D:22) - Clicked on Update
 INFO [2024-07-22 15:05:38,256] (%D:22) - Text Entered into Manager Name
 INFO [2024-07-22 15:05:38,377] (%D:22) - Clicked on Manage Employee
 INFO [2024-07-22 15:05:43,413] (%D:22) - Other Contact Number is updated
 INFO [2024-07-22 15:05:43,517] (%D:22) - Clicked on Deactivate Button
 INFO [2024-07-22 15:05:48,695] (%D:22) - Clicked on Inactive Employees
 INFO [2024-07-22 15:05:54,033] (%D:22) - Text Entered into Employee Name
 INFO [2024-07-22 15:05:54,066] (%D:22) - Text got from Filtered Data
 INFO [2024-07-22 15:05:54,066] (%D:22) - Employee is Deactivated
 INFO [2024-07-22 15:05:59,410] (%D:22) - Text Entered into Filters
 INFO [2024-07-22 15:05:59,551] (%D:22) - Clicked on Manage Employee
 INFO [2024-07-22 15:06:00,705] (%D:22) - Clicked on Activate Button
 INFO [2024-07-22 15:06:05,963] (%D:22) - Text Entered into Manager Name
 INFO [2024-07-22 15:06:05,986] (%D:22) - Text got from Filtered Data
 INFO [2024-07-22 15:06:05,986] (%D:22) - Employee is Activated
 INFO [2024-07-22 15:06:05,986] (%D:17) - $$$$$$$$$$$$$$$$$$$$$$$$$$$$$$$$---END---$$$$$$$$$$$$$$$$$$$$$$$$$$$$$$$$$$$$$$$$$$$$$$
 INFO [2024-07-22 15:06:05,986] (%D:18) -     
 INFO [2024-07-22 15:06:06,036] (%D:10) - **********************************************************************************************
 INFO [2024-07-22 15:06:06,036] (%D:11) - $$$$$$$$$$$$$$$$$$$$$$$$$$$$$$$$Verify the Bulk Upload functionality      $$$$$$$$$$$$$$$$$$$$$$$$$$$$$$$$$$$$$$$$$$$$$$
 INFO [2024-07-22 15:06:06,036] (%D:12) - ***********************************************************************************************
 INFO [2024-07-22 15:06:13,664] (%D:22) - Clicked on clicked
 INFO [2024-07-22 15:06:13,783] (%D:22) - Text Entered into Enter Email id
 INFO [2024-07-22 15:06:13,856] (%D:22) - Clicked on clicked
 INFO [2024-07-22 15:06:13,947] (%D:22) - Text Entered into Enter password
 INFO [2024-07-22 15:06:14,019] (%D:22) - Clicked on Login
 INFO [2024-07-22 15:06:17,043] (%D:22) - User navigated to Homepage
 INFO [2024-07-22 15:06:22,282] (%D:22) - Clicked on Employees
 INFO [2024-07-22 15:06:27,540] (%D:22) - Clicked on Bulk Upload
 INFO [2024-07-22 15:06:33,619] (%D:22) - File is selected Sucessfully
 INFO [2024-07-22 15:06:33,732] (%D:22) - Clicked on Submit
 INFO [2024-07-22 15:06:35,767] (%D:22) - Valid bulk employee is uploaded
 INFO [2024-07-22 15:06:40,922] (%D:22) - Clicked on Bulk Upload
 INFO [2024-07-22 15:06:47,034] (%D:22) - File is selected Sucessfully
 INFO [2024-07-22 15:06:47,121] (%D:22) - Clicked on Submit
 INFO [2024-07-22 15:06:49,169] (%D:22) - Invalid bulk file upload file is not uploaded
 INFO [2024-07-22 15:06:54,264] (%D:22) - Clicked on Cancel
 INFO [2024-07-22 15:06:59,465] (%D:22) - Clicked on Bulk Upload
 INFO [2024-07-22 15:07:05,529] (%D:22) - File is selected Sucessfully
 INFO [2024-07-22 15:07:07,573] (%D:22) - Null bulk upload file is not uploaded
 INFO [2024-07-22 15:07:12,728] (%D:22) - Clicked on Cancel
 INFO [2024-07-22 15:07:12,956] (%D:22) - Clicked on Add New Employee
 INFO [2024-07-22 15:07:13,229] (%D:22) - Text Entered into First Name
 INFO [2024-07-22 15:07:13,382] (%D:22) - Text Entered into lastName
 INFO [2024-07-22 15:07:13,484] (%D:22) - Clicked on Country Code
 INFO [2024-07-22 15:07:15,846] (%D:22) - Text Entered into Mobile Number
 INFO [2024-07-22 15:07:16,046] (%D:22) - Text Entered into Other Contact Number
 INFO [2024-07-22 15:07:16,291] (%D:22) - Text Entered into email Address
 INFO [2024-07-22 15:07:16,462] (%D:22) - Text Entered into job Title
 INFO [2024-07-22 15:07:19,144] (%D:22) - Clicked on Birthday Calendar Button
 INFO [2024-07-22 15:07:20,335] (%D:22) - Clicked on Birthday Calendar Arrow
 INFO [2024-07-22 15:07:21,502] (%D:22) - Clicked on Year
 INFO [2024-07-22 15:07:22,632] (%D:22) - Clicked on Month
 INFO [2024-07-22 15:07:23,725] (%D:22) - Clicked on Date
 INFO [2024-07-22 15:07:27,549] (%D:22) - Text Entered into Passport Number
 INFO [2024-07-22 15:07:30,734] (%D:22) - Clicked on Passport Calendar Button
 INFO [2024-07-22 15:07:31,848] (%D:22) - Clicked on Passport Calendar Arrow
 INFO [2024-07-22 15:07:33,037] (%D:22) - Clicked on Year
 INFO [2024-07-22 15:07:34,251] (%D:22) - Clicked on Month
 INFO [2024-07-22 15:07:35,386] (%D:22) - Clicked on Date
 INFO [2024-07-22 15:07:37,848] (%D:22) - Text Entered into SA ID
 INFO [2024-07-22 15:07:40,961] (%D:22) - Clicked on Employee Residential Details
 INFO [2024-07-22 15:07:41,068] (%D:22) - Clicked on Employee Residential Details
 INFO [2024-07-22 15:07:41,328] (%D:22) - Text Entered into Street1
 INFO [2024-07-22 15:07:41,572] (%D:22) - Text Entered into Street2
 INFO [2024-07-22 15:07:42,061] (%D:22) - Province is auto-populated
 INFO [2024-07-22 15:07:42,199] (%D:22) - Text Entered into Postal Code
 INFO [2024-07-22 15:07:42,771] (%D:22) - Clicked on Postal Address Details
 INFO [2024-07-22 15:07:43,039] (%D:22) - Text Entered into Street1
 INFO [2024-07-22 15:07:43,295] (%D:22) - Text Entered into Street2
 INFO [2024-07-22 15:07:43,758] (%D:22) - Province is auto-populated
 INFO [2024-07-22 15:07:43,910] (%D:22) - Text Entered into Postal Code
 INFO [2024-07-22 15:07:44,443] (%D:22) - Clicked on  Next Of Kin Details
 INFO [2024-07-22 15:07:44,599] (%D:22) - Text Entered into First Name
 INFO [2024-07-22 15:07:44,758] (%D:22) - Text Entered into Last Name
 INFO [2024-07-22 15:07:44,922] (%D:22) - Text Entered into Mobile Number
 INFO [2024-07-22 15:07:45,082] (%D:22) - Text Entered into Relationship
 INFO [2024-07-22 15:07:45,203] (%D:22) - Clicked on Emergency Contact Details
 INFO [2024-07-22 15:07:45,355] (%D:22) - Text Entered into First Name
 INFO [2024-07-22 15:07:45,503] (%D:22) - Text Entered into Last Name
 INFO [2024-07-22 15:07:45,668] (%D:22) - Text Entered into Mobile Number
 INFO [2024-07-22 15:07:45,844] (%D:22) - Text Entered into Other Contact Number
 INFO [2024-07-22 15:07:46,046] (%D:22) - Text Entered into email Address
 INFO [2024-07-22 15:07:46,384] (%D:22) - Text Entered into Street1
 INFO [2024-07-22 15:07:46,490] (%D:22) - Text Entered into Street2
 INFO [2024-07-22 15:07:46,956] (%D:22) - Province is auto-populated
 INFO [2024-07-22 15:07:47,104] (%D:22) - Text Entered into Postal Code
 INFO [2024-07-22 15:07:52,651] (%D:22) - Clicked on Security Details
 INFO [2024-07-22 15:07:52,832] (%D:22) - Text Entered into Security Licence Number
 INFO [2024-07-22 15:07:55,063] (%D:22) - Clicked on Security Calendar Button
 INFO [2024-07-22 15:07:56,240] (%D:22) - Clicked on Security Calendar Arrow
 INFO [2024-07-22 15:07:57,374] (%D:22) - Clicked on Year
 INFO [2024-07-22 15:07:58,468] (%D:22) - Clicked on Month
 INFO [2024-07-22 15:07:59,587] (%D:22) - Clicked on Date
 INFO [2024-07-22 15:07:59,748] (%D:22) - Clicked on First Aid Details
 INFO [2024-07-22 15:07:59,897] (%D:22) - Text Entered into First Aid CPR
 INFO [2024-07-22 15:08:02,028] (%D:22) - Clicked on First Aid Calendar Button
 INFO [2024-07-22 15:08:03,153] (%D:22) - Clicked on First Aid Calendar Arrow
 INFO [2024-07-22 15:08:04,289] (%D:22) - Clicked on Year
 INFO [2024-07-22 15:08:05,423] (%D:22) - Clicked on Month
 INFO [2024-07-22 15:08:06,509] (%D:22) - Clicked on Date
 INFO [2024-07-22 15:08:06,690] (%D:22) - Clicked on complianceDetails
 INFO [2024-07-22 15:08:06,875] (%D:22) - Text Entered into Driver Licence
 INFO [2024-07-22 15:08:09,104] (%D:22) - Clicked on Driver Licence Calendar Button
 INFO [2024-07-22 15:08:10,259] (%D:22) - Clicked on Driver Licence Calendar Arrow
 INFO [2024-07-22 15:08:11,361] (%D:22) - Clicked on Year
 INFO [2024-07-22 15:08:12,536] (%D:22) - Clicked on Month
 INFO [2024-07-22 15:08:13,651] (%D:22) - Clicked on Date
 INFO [2024-07-22 15:08:13,840] (%D:22) - Text Entered into Gun Licence
 INFO [2024-07-22 15:08:16,025] (%D:22) - Clicked on Gun Licence Calendar Button
 INFO [2024-07-22 15:08:17,164] (%D:22) - Clicked on Gun Licence Calendar Arrow
 INFO [2024-07-22 15:08:18,301] (%D:22) - Clicked on Year
 INFO [2024-07-22 15:08:19,498] (%D:22) - Clicked on Month
 INFO [2024-07-22 15:08:20,590] (%D:22) - Clicked on Date
 INFO [2024-07-22 15:08:20,777] (%D:22) - Clicked on Equipment Details
 INFO [2024-07-22 15:08:25,153] (%D:22) - Clicked on Contract Details
 INFO [2024-07-22 15:08:27,695] (%D:22) - Clicked on Contract Start Calendar Button
 INFO [2024-07-22 15:08:28,810] (%D:22) - Clicked on Contract Start Calendar Arrow
 INFO [2024-07-22 15:08:29,906] (%D:22) - Clicked on Year
 INFO [2024-07-22 15:08:31,107] (%D:22) - Clicked on Month
 INFO [2024-07-22 15:08:32,249] (%D:22) - Clicked on Date
 INFO [2024-07-22 15:08:34,396] (%D:22) - Clicked on Contract End Calendar Button
 INFO [2024-07-22 15:08:35,469] (%D:22) - Clicked on Contract End Calendar Arrow
 INFO [2024-07-22 15:08:36,584] (%D:22) - Clicked on Year
 INFO [2024-07-22 15:08:37,687] (%D:22) - Clicked on Month
 INFO [2024-07-22 15:08:38,832] (%D:22) - Clicked on Date
 INFO [2024-07-22 15:08:44,454] (%D:22) - Clicked on Save
 INFO [2024-07-22 15:08:46,507] (%D:22) - New employee is not created with duplicate data
 INFO [2024-07-22 15:08:46,507] (%D:17) - $$$$$$$$$$$$$$$$$$$$$$$$$$$$$$$$---END---$$$$$$$$$$$$$$$$$$$$$$$$$$$$$$$$$$$$$$$$$$$$$$
 INFO [2024-07-22 15:08:46,507] (%D:18) -     
 INFO [2024-07-22 15:23:47,477] (%D:10) - **********************************************************************************************
 INFO [2024-07-22 15:23:47,477] (%D:11) - $$$$$$$$$$$$$$$$$$$$$$$$$$$$$$$$Verify Add New Job Card functionality      $$$$$$$$$$$$$$$$$$$$$$$$$$$$$$$$$$$$$$$$$$$$$$
 INFO [2024-07-22 15:23:47,477] (%D:12) - ***********************************************************************************************
 INFO [2024-07-22 15:23:55,467] (%D:22) - Clicked on Log in as Employee
 INFO [2024-07-22 15:23:56,455] (%D:22) - Text Entered into PIN
 INFO [2024-07-22 15:23:56,586] (%D:22) - Clicked on Login
 INFO [2024-07-22 15:23:56,608] (%D:22) - User is navigated to Homepage
 INFO [2024-07-22 15:23:57,927] (%D:22) - Clicked on Job Cards&Tasks
 INFO [2024-07-22 15:23:58,153] (%D:22) - Clicked on Add New Job Card
 INFO [2024-07-22 15:23:58,153] (%D:22) - Generated Alphanumeric values
 INFO [2024-07-22 15:23:58,153] (%D:22) - Generated Alphanumeric values
 INFO [2024-07-22 15:23:58,458] (%D:22) - Text Entered into Job Card Name
 INFO [2024-07-22 15:23:59,140] (%D:22) - Text Entered into Job Card Description
 INFO [2024-07-22 15:23:59,246] (%D:22) - Clicked on Job Card Name
 INFO [2024-07-22 15:23:59,285] (%D:22) - Maximum 25 Characters Allowed. element is visible
 INFO [2024-07-22 15:23:59,319] (%D:22) - Maximum 250 Characters Allowed. element is visible
 INFO [2024-07-22 15:23:59,598] (%D:22) - Clicked on Cancel Button
 INFO [2024-07-22 15:23:59,738] (%D:22) - Clicked on Add New Job Card
 INFO [2024-07-22 15:23:59,812] (%D:22) - Clicked on Save And Continue
 INFO [2024-07-22 15:23:59,829] (%D:22) - New Job Card is not created
 INFO [2024-07-22 15:23:59,958] (%D:22) - Clicked on Cancel Button
 INFO [2024-07-22 15:24:00,087] (%D:22) - Clicked on Add New Job Card
 INFO [2024-07-22 15:24:00,407] (%D:22) - Text Entered into Job Card Name
 INFO [2024-07-22 15:24:00,983] (%D:22) - Text Entered into Job Card Description
 INFO [2024-07-22 15:24:19,071] (%D:22) - Clicked on Save and Continue
 INFO [2024-07-22 15:24:25,395] (%D:22) - Text Entered into Filter
 INFO [2024-07-22 15:24:25,407] (%D:22) - New Job Card is created
 INFO [2024-07-22 15:24:25,409] (%D:17) - $$$$$$$$$$$$$$$$$$$$$$$$$$$$$$$$---END---$$$$$$$$$$$$$$$$$$$$$$$$$$$$$$$$$$$$$$$$$$$$$$
 INFO [2024-07-22 15:24:25,409] (%D:18) -     
 INFO [2024-07-22 15:24:25,493] (%D:10) - **********************************************************************************************
 INFO [2024-07-22 15:24:25,493] (%D:11) - $$$$$$$$$$$$$$$$$$$$$$$$$$$$$$$$Verify the Active Job Cards and Inactive Job Cards filter functionality      $$$$$$$$$$$$$$$$$$$$$$$$$$$$$$$$$$$$$$$$$$$$$$
 INFO [2024-07-22 15:24:25,494] (%D:12) - ***********************************************************************************************
 INFO [2024-07-22 15:24:32,670] (%D:22) - Clicked on Log in as Employee
 INFO [2024-07-22 15:24:32,987] (%D:22) - Text Entered into PIN
 INFO [2024-07-22 15:24:33,094] (%D:22) - Clicked on Login
 INFO [2024-07-22 15:24:33,105] (%D:22) - User is navigated to Homepage
 INFO [2024-07-22 15:24:34,435] (%D:22) - Clicked on Job Cards&Tasks
 INFO [2024-07-22 15:24:40,003] (%D:22) - Text Entered into Filter
 INFO [2024-07-22 15:24:40,078] (%D:22) - Text got from Filter validate
 INFO [2024-07-22 15:24:40,078] (%D:22) - Filtered Job Card is displayed
 INFO [2024-07-22 15:24:40,259] (%D:22) - Clicked on Manage Job Card
 INFO [2024-07-22 15:24:40,389] (%D:22) - Clicked on Deactivate
 INFO [2024-07-22 15:24:40,389] (%D:22) - Generates Random Alphabets
 INFO [2024-07-22 15:24:45,595] (%D:22) - Text Entered into Filter
 INFO [2024-07-22 15:24:45,601] (%D:22) - No data matching the filter element is visible
 INFO [2024-07-22 15:25:05,869] (%D:30) - Element not available
 INFO [2024-07-22 15:25:06,054] (%D:17) - $$$$$$$$$$$$$$$$$$$$$$$$$$$$$$$$---END---$$$$$$$$$$$$$$$$$$$$$$$$$$$$$$$$$$$$$$$$$$$$$$
 INFO [2024-07-22 15:25:06,054] (%D:18) -     
 INFO [2024-07-22 15:25:06,135] (%D:10) - **********************************************************************************************
 INFO [2024-07-22 15:25:06,139] (%D:11) - $$$$$$$$$$$$$$$$$$$$$$$$$$$$$$$$Verify the Manage Job Card and Manage Tasks functionality      $$$$$$$$$$$$$$$$$$$$$$$$$$$$$$$$$$$$$$$$$$$$$$
 INFO [2024-07-22 15:25:06,139] (%D:12) - ***********************************************************************************************
 INFO [2024-08-01 10:26:07,832] (%D:10) - **********************************************************************************************
 INFO [2024-08-01 10:26:07,835] (%D:11) - $$$$$$$$$$$$$$$$$$$$$$$$$$$$$$$$Verify Add New Provider functionality status as Active      $$$$$$$$$$$$$$$$$$$$$$$$$$$$$$$$$$$$$$$$$$$$$$
 INFO [2024-08-01 10:26:07,835] (%D:12) - ***********************************************************************************************
 INFO [2024-08-01 10:26:16,558] (%D:22) - Clicked on clicked
 INFO [2024-08-01 10:26:16,706] (%D:22) - Text Entered into Enter Email id
 INFO [2024-08-01 10:26:16,798] (%D:22) - Clicked on clicked
 INFO [2024-08-01 10:26:16,879] (%D:22) - Text Entered into Enter password
 INFO [2024-08-01 10:26:16,968] (%D:22) - Clicked on Login
 INFO [2024-08-01 10:26:20,002] (%D:22) - User navigated to Homepage
 INFO [2024-08-01 10:26:25,240] (%D:22) - Clicked on 3rd Party Provider
 INFO [2024-08-01 10:26:25,703] (%D:22) - Clicked on Add New Provider button
 INFO [2024-08-01 10:26:25,703] (%D:22) - Generated Alphanumeric values
 INFO [2024-08-01 10:26:25,703] (%D:22) - Generated Alphanumeric values
 INFO [2024-08-01 10:26:25,703] (%D:22) - Generated Alphanumeric values
 INFO [2024-08-01 10:26:25,704] (%D:22) - Generated Alphanumeric values
 INFO [2024-08-01 10:26:25,704] (%D:22) - Generated Alphanumeric values
 INFO [2024-08-01 10:26:25,704] (%D:22) - Generated Alphanumeric values
 INFO [2024-08-01 10:26:25,922] (%D:22) - Text Entered into Mobile Number
 INFO [2024-08-01 10:26:26,158] (%D:22) - Text Entered into Other Contact Number
 INFO [2024-08-01 10:26:26,364] (%D:22) - Text Entered into Email Address
 INFO [2024-08-01 10:26:26,569] (%D:22) - Text Entered into Fax Number
 INFO [2024-08-01 10:26:26,812] (%D:22) - Text Entered into Vat Number
 INFO [2024-08-01 10:26:27,057] (%D:22) - Text Entered into Postal Code
 INFO [2024-08-01 10:26:27,173] (%D:22) - Clicked on Mobile Number
 INFO [2024-08-01 10:26:27,213] (%D:22) - Give Correct Mobile Number element is visible
 INFO [2024-08-01 10:26:27,231] (%D:22) - Give Correct Mobile Number element is visible
 INFO [2024-08-01 10:26:27,248] (%D:22) - Enter valid Email Address element is visible
 INFO [2024-08-01 10:26:27,266] (%D:22) - Give Correct Fax Number element is visible
 INFO [2024-08-01 10:26:27,268] (%D:22) - Give Correct Vat Number element is visible
 INFO [2024-08-01 10:26:27,285] (%D:22) - Give Correct Postal Code element is visible
 INFO [2024-08-01 10:26:32,537] (%D:22) - Clicked on Cancel button
 INFO [2024-08-01 10:26:32,705] (%D:22) - Clicked on Add New Provider button
 INFO [2024-08-01 10:26:32,705] (%D:22) - Generates Random Alphabets
 INFO [2024-08-01 10:26:32,878] (%D:22) - Text Entered into Provider Name
 INFO [2024-08-01 10:26:32,879] (%D:22) - Generates Random Numbers
 INFO [2024-08-01 10:26:33,038] (%D:22) - Text Entered into Mobile Number
 INFO [2024-08-01 10:26:33,039] (%D:22) - Generates Random Numbers
 INFO [2024-08-01 10:26:33,206] (%D:22) - Text Entered into Other Contact Number
 INFO [2024-08-01 10:26:33,206] (%D:22) - Generates Random Numbers
 INFO [2024-08-01 10:26:33,378] (%D:22) - Text Entered into Fax Number
 INFO [2024-08-01 10:26:33,378] (%D:22) - Generates Random Numbers
 INFO [2024-08-01 10:26:33,550] (%D:22) - Text Entered into Vat Number
 INFO [2024-08-01 10:26:33,550] (%D:22) - Generates Random Alphabets
 INFO [2024-08-01 10:26:33,969] (%D:22) - Text Entered into Street
 INFO [2024-08-01 10:26:33,970] (%D:22) - Generates Random Alphabets
 INFO [2024-08-01 10:26:34,355] (%D:22) - Text Entered into Street2
 INFO [2024-08-01 10:26:34,356] (%D:22) - Generates Random Numbers
 INFO [2024-08-01 10:26:34,486] (%D:22) - Text Entered into Postal Code
 INFO [2024-08-01 10:26:34,486] (%D:22) - Generates Random Alphabets
 INFO [2024-08-01 10:26:35,243] (%D:22) - Text Entered into Comments
 INFO [2024-08-01 10:26:35,307] (%D:22) - Clicked on Mobile Number
 INFO [2024-08-01 10:26:35,327] (%D:22) - Maximum 25 Characters Allowed element is visible
 INFO [2024-08-01 10:26:35,327] (%D:22) - Give Correct Mobile Number element is visible
 INFO [2024-08-01 10:26:35,341] (%D:22) - Give Correct Mobile Number element is visible
 INFO [2024-08-01 10:26:35,341] (%D:22) - Give Correct Fax Number element is visible
 INFO [2024-08-01 10:26:35,358] (%D:22) - Give Correct Vat Number element is visible
 INFO [2024-08-01 10:26:35,358] (%D:22) - Maximum 100 Characters Allowed element is visible
 INFO [2024-08-01 10:26:35,380] (%D:22) - Maximum 100 characters Allowed element is visible
 INFO [2024-08-01 10:26:35,387] (%D:22) - Give Correct Postal Code element is visible
 INFO [2024-08-01 10:26:35,399] (%D:22) - Maximum 250 characters allowed. element is visible
 INFO [2024-08-01 10:26:40,595] (%D:22) - Clicked on Cancel button
 INFO [2024-08-01 10:26:40,758] (%D:22) - Clicked on Add New Provider button
 INFO [2024-08-01 10:26:40,846] (%D:22) - Clicked on Save and Continue
 INFO [2024-08-01 10:26:40,861] (%D:22) - New provider is not created
 INFO [2024-08-01 10:26:46,082] (%D:22) - Clicked on Cancel button
 INFO [2024-08-01 10:26:46,239] (%D:22) - Clicked on Add New Provider button
 INFO [2024-08-01 10:26:46,534] (%D:22) - Text Entered into Provider Name
 INFO [2024-08-01 10:26:46,691] (%D:22) - Text Entered into Mobile Number
 INFO [2024-08-01 10:26:46,858] (%D:22) - Text Entered into Other Contact Number
 INFO [2024-08-01 10:26:47,085] (%D:22) - Text Entered into Email Address
 INFO [2024-08-01 10:26:47,260] (%D:22) - Text Entered into Fax Number
 INFO [2024-08-01 10:26:47,459] (%D:22) - Text Entered into Vat Number
 INFO [2024-08-01 10:26:47,581] (%D:22) - Clicked on Status
 INFO [2024-08-01 10:26:50,711] (%D:22) - Clicked on Active
 INFO [2024-08-01 10:26:54,044] (%D:22) - Text Entered into Street
 INFO [2024-08-01 10:26:54,319] (%D:22) - Text Entered into Street2
 INFO [2024-08-01 10:26:56,830] (%D:22) - Province is auto-populated
 INFO [2024-08-01 10:27:03,407] (%D:22) - Text Entered into Postal Code
 INFO [2024-08-01 10:27:03,660] (%D:22) - Text Entered into Comments
 INFO [2024-08-01 10:27:06,869] (%D:22) - Clicked on Save and Continue
 INFO [2024-08-01 10:27:14,178] (%D:22) - Text Entered into Filter
 INFO [2024-08-01 10:27:14,215] (%D:22) - Text got from Filtered Data
 INFO [2024-08-01 10:27:14,215] (%D:22) - New Active Provider is created successfully
 INFO [2024-08-01 10:27:14,386] (%D:22) - Clicked on Add New Provider button
 INFO [2024-08-01 10:27:14,606] (%D:22) - Text Entered into Provider Name
 INFO [2024-08-01 10:27:14,742] (%D:22) - Text Entered into Mobile Number
 INFO [2024-08-01 10:27:14,876] (%D:22) - Text Entered into Other Contact Number
 INFO [2024-08-01 10:27:15,076] (%D:22) - Text Entered into Email Address
 INFO [2024-08-01 10:27:15,218] (%D:22) - Text Entered into Fax Number
 INFO [2024-08-01 10:27:15,353] (%D:22) - Text Entered into Vat Number
 INFO [2024-08-01 10:27:15,415] (%D:22) - Clicked on Status
 INFO [2024-08-01 10:27:18,538] (%D:22) - Clicked on Active
 INFO [2024-08-01 10:27:21,826] (%D:22) - Text Entered into Street
 INFO [2024-08-01 10:27:22,038] (%D:22) - Text Entered into Street2
 INFO [2024-08-01 10:27:24,504] (%D:22) - Province is auto-populated
 INFO [2024-08-01 10:27:31,115] (%D:22) - Text Entered into Postal Code
 INFO [2024-08-01 10:27:31,336] (%D:22) - Text Entered into Comments
 INFO [2024-08-01 10:27:34,557] (%D:22) - Clicked on Save and Continue
 INFO [2024-08-01 10:27:36,595] (%D:22) - New Provider is not created
 INFO [2024-08-01 10:27:36,603] (%D:17) - $$$$$$$$$$$$$$$$$$$$$$$$$$$$$$$$---END---$$$$$$$$$$$$$$$$$$$$$$$$$$$$$$$$$$$$$$$$$$$$$$
 INFO [2024-08-01 10:27:36,604] (%D:18) -     
 INFO [2024-08-01 10:27:36,689] (%D:10) - **********************************************************************************************
 INFO [2024-08-01 10:27:36,689] (%D:11) - $$$$$$$$$$$$$$$$$$$$$$$$$$$$$$$$Verify Add New Provider functionality status as Inactive      $$$$$$$$$$$$$$$$$$$$$$$$$$$$$$$$$$$$$$$$$$$$$$
 INFO [2024-08-01 10:27:36,690] (%D:12) - ***********************************************************************************************
 INFO [2024-08-01 10:27:45,392] (%D:22) - Clicked on clicked
 INFO [2024-08-01 10:27:45,531] (%D:22) - Text Entered into Enter Email id
 INFO [2024-08-01 10:27:45,616] (%D:22) - Clicked on clicked
 INFO [2024-08-01 10:27:45,695] (%D:22) - Text Entered into Enter password
 INFO [2024-08-01 10:27:45,816] (%D:22) - Clicked on Login
 INFO [2024-08-01 10:27:48,884] (%D:22) - User navigated to Homepage
 INFO [2024-08-01 10:27:54,120] (%D:22) - Clicked on 3rd Party Provider
 INFO [2024-08-01 10:27:54,460] (%D:22) - Clicked on Add New Provider button
 INFO [2024-08-01 10:27:54,984] (%D:22) - Text Entered into Provider Name
 INFO [2024-08-01 10:27:55,219] (%D:22) - Text Entered into Mobile Number
 INFO [2024-08-01 10:27:55,464] (%D:22) - Text Entered into Other Contact Number
 INFO [2024-08-01 10:27:55,842] (%D:22) - Text Entered into Email Address
 INFO [2024-08-01 10:27:56,051] (%D:22) - Text Entered into Fax Number
 INFO [2024-08-01 10:27:56,310] (%D:22) - Text Entered into Vat Number
 INFO [2024-08-01 10:27:56,463] (%D:22) - Clicked on Status
 INFO [2024-08-01 10:27:59,597] (%D:22) - Clicked on Inactive
 INFO [2024-08-01 10:28:02,973] (%D:22) - Text Entered into Street
 INFO [2024-08-01 10:28:03,245] (%D:22) - Text Entered into Street2
 INFO [2024-08-01 10:28:05,774] (%D:22) - Province is auto-populated
 INFO [2024-08-01 10:28:12,442] (%D:22) - Text Entered into Postal Code
 INFO [2024-08-01 10:28:12,678] (%D:22) - Text Entered into Comments
 INFO [2024-08-01 10:28:15,878] (%D:22) - Clicked on Save and Continue
 INFO [2024-08-01 10:28:21,047] (%D:22) - Clicked on Inactive Provider
 INFO [2024-08-01 10:28:26,292] (%D:22) - Text Entered into Filter
 INFO [2024-08-01 10:28:26,329] (%D:22) - Text got from Filtered Data
 INFO [2024-08-01 10:28:26,329] (%D:22) - New Inactive Provider is created successfully
 INFO [2024-08-01 10:28:26,329] (%D:17) - $$$$$$$$$$$$$$$$$$$$$$$$$$$$$$$$---END---$$$$$$$$$$$$$$$$$$$$$$$$$$$$$$$$$$$$$$$$$$$$$$
 INFO [2024-08-01 10:28:26,329] (%D:18) -     
 INFO [2024-08-01 10:28:26,422] (%D:10) - **********************************************************************************************
 INFO [2024-08-01 10:28:26,422] (%D:11) - $$$$$$$$$$$$$$$$$$$$$$$$$$$$$$$$Verify the Active Providers and Inactive Providers filter functionality      $$$$$$$$$$$$$$$$$$$$$$$$$$$$$$$$$$$$$$$$$$$$$$
 INFO [2024-08-01 10:28:26,422] (%D:12) - ***********************************************************************************************
 INFO [2024-08-01 10:28:33,677] (%D:22) - Clicked on clicked
 INFO [2024-08-01 10:28:33,791] (%D:22) - Text Entered into Enter Email id
 INFO [2024-08-01 10:28:33,883] (%D:22) - Clicked on clicked
 INFO [2024-08-01 10:28:33,956] (%D:22) - Text Entered into Enter password
 INFO [2024-08-01 10:28:34,044] (%D:22) - Clicked on Login
 INFO [2024-08-01 10:28:37,058] (%D:22) - User navigated to Homepage
 INFO [2024-08-01 10:28:42,313] (%D:22) - Clicked on 3rd Party Provider
 INFO [2024-08-01 10:28:47,890] (%D:22) - Text Entered into Filter
 INFO [2024-08-01 10:28:47,950] (%D:22) - Text got from Filtered Data
 INFO [2024-08-01 10:28:47,950] (%D:22) - Active Provider Name is visible under filter
 INFO [2024-08-01 10:28:47,951] (%D:22) - Generates Random Alphabets
 INFO [2024-08-01 10:28:48,161] (%D:22) - Text Entered into Filter
 INFO [2024-08-01 10:28:53,214] (%D:22) -  No data matching the filter element is visible
 INFO [2024-08-01 10:28:58,475] (%D:22) - Clicked on Inactive Provider
 INFO [2024-08-01 10:29:01,714] (%D:22) - Text Entered into Inactive Filter
 INFO [2024-08-01 10:29:01,758] (%D:22) - Text got from Filtered Data
 INFO [2024-08-01 10:29:01,758] (%D:22) - Inactive Provider Name is visible
 INFO [2024-08-01 10:29:01,758] (%D:22) - Generates Random Alphabets
 INFO [2024-08-01 10:29:04,889] (%D:22) - Text Entered into Filter
 INFO [2024-08-01 10:29:04,892] (%D:22) -  No data matching the filter element is visible
 INFO [2024-08-01 10:29:05,000] (%D:22) - Clicked on Items Dropdown
 INFO [2024-08-01 10:29:07,103] (%D:22) - Clicked on Items Dropdown Option
 INFO [2024-08-01 10:29:07,103] (%D:17) - $$$$$$$$$$$$$$$$$$$$$$$$$$$$$$$$---END---$$$$$$$$$$$$$$$$$$$$$$$$$$$$$$$$$$$$$$$$$$$$$$
 INFO [2024-08-01 10:29:07,103] (%D:18) -     
 INFO [2024-08-01 10:29:07,171] (%D:10) - **********************************************************************************************
 INFO [2024-08-01 10:29:07,171] (%D:11) - $$$$$$$$$$$$$$$$$$$$$$$$$$$$$$$$Verify the Manage Provider functionality of Active Providers and Inactive Providers      $$$$$$$$$$$$$$$$$$$$$$$$$$$$$$$$$$$$$$$$$$$$$$
 INFO [2024-08-01 10:29:07,171] (%D:12) - ***********************************************************************************************
 INFO [2024-08-01 10:29:14,037] (%D:22) - Clicked on clicked
 INFO [2024-08-01 10:29:14,160] (%D:22) - Text Entered into Enter Email id
 INFO [2024-08-01 10:29:14,259] (%D:22) - Clicked on clicked
 INFO [2024-08-01 10:29:14,350] (%D:22) - Text Entered into Enter password
 INFO [2024-08-01 10:29:14,448] (%D:22) - Clicked on Login
 INFO [2024-08-01 10:29:17,455] (%D:22) - User navigated to Homepage
 INFO [2024-08-01 10:29:22,680] (%D:22) - Clicked on 3rd Party Provider
 INFO [2024-08-01 10:29:27,953] (%D:22) - Text Entered into Provider Name
 INFO [2024-08-01 10:29:28,155] (%D:22) - Clicked on Manage Provider
 INFO [2024-08-01 10:29:28,155] (%D:22) - Generates Random Numbers
 INFO [2024-08-01 10:29:31,426] (%D:22) - Text Entered into Vat Number
 INFO [2024-08-01 10:29:36,684] (%D:22) - Clicked on Update
 INFO [2024-08-01 10:29:43,020] (%D:22) - Text Entered into Provider Name
 INFO [2024-08-01 10:29:43,172] (%D:22) - Clicked on Manage Provider
 INFO [2024-08-01 10:29:49,217] (%D:22) - Vat Number is updated
 INFO [2024-08-01 10:29:54,327] (%D:22) - Clicked on Deactivate Button
 INFO [2024-08-01 10:29:59,475] (%D:22) - Clicked on Inactive Provider
 INFO [2024-08-01 10:29:59,646] (%D:22) - Text Entered into Provider Name
 INFO [2024-08-01 10:29:59,688] (%D:22) - Text got from Filtered Data
 INFO [2024-08-01 10:29:59,688] (%D:22) - Provider is deactivated
 INFO [2024-08-01 10:30:04,834] (%D:22) - Clicked on Inactive Provider
 INFO [2024-08-01 10:30:10,070] (%D:22) - Text Entered into Provider Name
 INFO [2024-08-01 10:30:10,216] (%D:22) - Clicked on Manage Provider
 INFO [2024-08-01 10:30:10,216] (%D:22) - Generates Random Numbers
 INFO [2024-08-01 10:30:15,461] (%D:22) - Text Entered into Other Contact Number
 INFO [2024-08-01 10:30:20,648] (%D:22) - Clicked on Update
 INFO [2024-08-01 10:30:25,781] (%D:22) - Clicked on Inactive Provider
 INFO [2024-08-01 10:30:25,961] (%D:22) - Text Entered into Filtered Data
 INFO [2024-08-01 10:30:26,070] (%D:22) - Clicked on Manage Provider
 INFO [2024-08-01 10:30:26,119] (%D:22) - Other Contact Number is updated
 INFO [2024-08-01 10:30:31,215] (%D:22) - Clicked on Activate
 INFO [2024-08-01 10:30:36,416] (%D:22) - Clicked on Filter
 INFO [2024-08-01 10:30:36,569] (%D:22) - Text Entered into Filtered Provider Name
 INFO [2024-08-01 10:30:36,608] (%D:22) - Text got from Filtered Data
 INFO [2024-08-01 10:30:36,608] (%D:22) - Provider is activated
 INFO [2024-08-01 10:30:36,608] (%D:17) - $$$$$$$$$$$$$$$$$$$$$$$$$$$$$$$$---END---$$$$$$$$$$$$$$$$$$$$$$$$$$$$$$$$$$$$$$$$$$$$$$
 INFO [2024-08-01 10:30:36,609] (%D:18) -     
 INFO [2024-08-01 10:30:36,660] (%D:10) - **********************************************************************************************
 INFO [2024-08-01 10:30:36,660] (%D:11) - $$$$$$$$$$$$$$$$$$$$$$$$$$$$$$$$Verify the Bulk Upload functionality      $$$$$$$$$$$$$$$$$$$$$$$$$$$$$$$$$$$$$$$$$$$$$$
 INFO [2024-08-01 10:30:36,660] (%D:12) - ***********************************************************************************************
 INFO [2024-08-01 10:30:43,790] (%D:22) - Clicked on clicked
 INFO [2024-08-01 10:30:43,932] (%D:22) - Text Entered into Enter Email id
 INFO [2024-08-01 10:30:44,011] (%D:22) - Clicked on clicked
 INFO [2024-08-01 10:30:44,099] (%D:22) - Text Entered into Enter password
 INFO [2024-08-01 10:30:44,186] (%D:22) - Clicked on Login
 INFO [2024-08-01 10:30:47,222] (%D:22) - User navigated to Homepage
 INFO [2024-08-01 10:30:52,461] (%D:22) - Clicked on 3rd Party Provider
 INFO [2024-08-01 10:30:57,711] (%D:22) - Clicked on Bulk Upload
 INFO [2024-08-01 10:31:03,789] (%D:22) - File is selected Sucessfully
 INFO [2024-08-01 10:31:03,886] (%D:22) - Clicked on Submit
 INFO [2024-08-01 10:31:05,935] (%D:22) - Bulk upload file is uploaded
 INFO [2024-08-01 10:31:11,079] (%D:22) - Clicked on Bulk Upload
 INFO [2024-08-01 10:31:14,170] (%D:22) - File is selected Sucessfully
 INFO [2024-08-01 10:31:14,243] (%D:22) - Clicked on Submit
 INFO [2024-08-01 10:31:14,261] (%D:22) - Invalid bulk upload file is not uploaded
 INFO [2024-08-01 10:31:19,368] (%D:22) - Clicked on Cancel
 INFO [2024-08-01 10:31:24,452] (%D:22) - Clicked on Bulk Upload
 INFO [2024-08-01 10:31:30,564] (%D:22) - File is selected Sucessfully
 INFO [2024-08-01 10:31:30,655] (%D:22) - Clicked on Submit
 INFO [2024-08-01 10:31:30,669] (%D:22) - Null file upload file is not uploaded
 INFO [2024-08-01 10:31:30,669] (%D:17) - $$$$$$$$$$$$$$$$$$$$$$$$$$$$$$$$---END---$$$$$$$$$$$$$$$$$$$$$$$$$$$$$$$$$$$$$$$$$$$$$$
 INFO [2024-08-01 10:31:30,669] (%D:18) -     
 INFO [2024-08-01 10:31:54,346] (%D:10) - **********************************************************************************************
 INFO [2024-08-01 10:31:54,346] (%D:11) - $$$$$$$$$$$$$$$$$$$$$$$$$$$$$$$$Verify the Add Role functionality      $$$$$$$$$$$$$$$$$$$$$$$$$$$$$$$$$$$$$$$$$$$$$$
 INFO [2024-08-01 10:31:54,346] (%D:12) - ***********************************************************************************************
 INFO [2024-08-01 10:32:03,294] (%D:22) - Clicked on clicked
 INFO [2024-08-01 10:32:03,434] (%D:22) - Text Entered into Enter Email id
 INFO [2024-08-01 10:32:03,580] (%D:22) - Clicked on clicked
 INFO [2024-08-01 10:32:03,699] (%D:22) - Text Entered into Enter password
 INFO [2024-08-01 10:32:03,818] (%D:22) - Clicked on Login
 INFO [2024-08-01 10:32:06,844] (%D:22) - User navigated to Homepage
 INFO [2024-08-01 10:32:12,080] (%D:22) - Clicked on Manage ACL Roles
 INFO [2024-08-01 10:32:12,627] (%D:22) - Clicked on Add Role
 INFO [2024-08-01 10:32:12,762] (%D:22) - Clicked on Add
 INFO [2024-08-01 10:32:12,764] (%D:22) - New Role is not created
 INFO [2024-08-01 10:32:13,017] (%D:22) - Clicked on Close
 INFO [2024-08-01 10:32:13,191] (%D:22) - Clicked on Add Role
 INFO [2024-08-01 10:32:13,793] (%D:22) - Text Entered into Name
 INFO [2024-08-01 10:32:15,262] (%D:22) - Clicked on Add
 INFO [2024-08-01 10:32:21,238] (%D:22) - Text Entered into Filter
 INFO [2024-08-01 10:32:21,283] (%D:22) - Text got from Role
 INFO [2024-08-01 10:32:21,283] (%D:22) - New role is created
 INFO [2024-08-01 10:32:21,435] (%D:22) - Clicked on Manage Role
 INFO [2024-08-01 10:32:27,888] (%D:22) - Text Entered into Name
 INFO [2024-08-01 10:32:28,002] (%D:22) - Clicked on Update
 INFO [2024-08-01 10:32:33,347] (%D:22) - Text Entered into Filter
 INFO [2024-08-01 10:32:33,360] (%D:22) - Name is updated
 INFO [2024-08-01 10:32:33,490] (%D:22) - Clicked on User Button
 INFO [2024-08-01 10:32:33,506] (%D:22) - User Navigated to Manage ACL User page
 INFO [2024-08-01 10:32:33,509] (%D:17) - $$$$$$$$$$$$$$$$$$$$$$$$$$$$$$$$---END---$$$$$$$$$$$$$$$$$$$$$$$$$$$$$$$$$$$$$$$$$$$$$$
 INFO [2024-08-01 10:32:33,509] (%D:18) -     
 INFO [2024-08-01 10:32:33,742] (%D:10) - **********************************************************************************************
 INFO [2024-08-01 10:32:33,742] (%D:11) - $$$$$$$$$$$$$$$$$$$$$$$$$$$$$$$$Verify the Filter functionality      $$$$$$$$$$$$$$$$$$$$$$$$$$$$$$$$$$$$$$$$$$$$$$
 INFO [2024-08-01 10:32:33,751] (%D:12) - ***********************************************************************************************
 INFO [2024-08-01 10:32:41,054] (%D:22) - Clicked on clicked
 INFO [2024-08-01 10:32:41,193] (%D:22) - Text Entered into Enter Email id
 INFO [2024-08-01 10:32:41,284] (%D:22) - Clicked on clicked
 INFO [2024-08-01 10:32:41,361] (%D:22) - Text Entered into Enter password
 INFO [2024-08-01 10:32:41,448] (%D:22) - Clicked on Login
 INFO [2024-08-01 10:32:44,473] (%D:22) - User navigated to Homepage
 INFO [2024-08-01 10:32:49,689] (%D:22) - Clicked on Manage ACL Roles
 INFO [2024-08-01 10:32:55,319] (%D:22) - Text Entered into Filter
 INFO [2024-08-01 10:32:55,334] (%D:22) - Role details are visible
 INFO [2024-08-01 10:32:55,339] (%D:22) - Generates Random Alphabets
 INFO [2024-08-01 10:32:55,493] (%D:22) - Text Entered into Filter
 INFO [2024-08-01 10:32:58,527] (%D:22) - No data matching the filter element is visible
 INFO [2024-08-01 10:32:58,650] (%D:22) - Clicked on Items Dropdown
 INFO [2024-08-01 10:33:00,844] (%D:22) - Clicked on Items Dropdown Option
 INFO [2024-08-01 10:33:00,844] (%D:17) - $$$$$$$$$$$$$$$$$$$$$$$$$$$$$$$$---END---$$$$$$$$$$$$$$$$$$$$$$$$$$$$$$$$$$$$$$$$$$$$$$
 INFO [2024-08-01 10:33:00,844] (%D:18) -     
 INFO [2024-08-01 10:33:27,000] (%D:10) - **********************************************************************************************
 INFO [2024-08-01 10:33:27,002] (%D:11) - $$$$$$$$$$$$$$$$$$$$$$$$$$$$$$$$Verify Add New Employee functionality as Manager      $$$$$$$$$$$$$$$$$$$$$$$$$$$$$$$$$$$$$$$$$$$$$$
 INFO [2024-08-01 10:33:27,002] (%D:12) - ***********************************************************************************************
 INFO [2024-08-01 10:33:36,084] (%D:22) - Clicked on clicked
 INFO [2024-08-01 10:33:36,249] (%D:22) - Text Entered into Enter Email id
 INFO [2024-08-01 10:33:36,386] (%D:22) - Clicked on clicked
 INFO [2024-08-01 10:33:36,494] (%D:22) - Text Entered into Enter password
 INFO [2024-08-01 10:33:36,590] (%D:22) - Clicked on Login
 INFO [2024-08-01 10:33:39,614] (%D:22) - User navigated to Homepage
 INFO [2024-08-01 10:33:44,854] (%D:22) - Clicked on Employees
 INFO [2024-08-01 10:33:45,191] (%D:22) - Clicked on Add New Employee
 INFO [2024-08-01 10:33:45,192] (%D:22) - Generated Alphanumeric values
 INFO [2024-08-01 10:33:45,192] (%D:22) - Generated Alphanumeric values
 INFO [2024-08-01 10:33:45,192] (%D:22) - Generated Alphanumeric values
 INFO [2024-08-01 10:33:45,192] (%D:22) - Generated Alphanumeric values
 INFO [2024-08-01 10:33:45,197] (%D:22) - Generated Alphanumeric values
 INFO [2024-08-01 10:33:45,198] (%D:22) - Generated Alphanumeric values
 INFO [2024-08-01 10:33:45,198] (%D:22) - Generated Alphanumeric values
 INFO [2024-08-01 10:33:45,200] (%D:22) - Generated Alphanumeric values
 INFO [2024-08-01 10:33:45,205] (%D:22) - Generated Alphanumeric values
 INFO [2024-08-01 10:33:45,206] (%D:22) - Generated Alphanumeric values
 INFO [2024-08-01 10:33:45,206] (%D:22) - Generated Alphanumeric values
 INFO [2024-08-01 10:33:45,207] (%D:22) - Generated Alphanumeric values
 INFO [2024-08-01 10:33:45,209] (%D:22) - Generated Alphanumeric values
 INFO [2024-08-01 10:33:45,210] (%D:22) - Generated Alphanumeric values
 INFO [2024-08-01 10:33:45,499] (%D:22) - Text Entered into First Name
 INFO [2024-08-01 10:33:45,770] (%D:22) - Text Entered into Last Name
 INFO [2024-08-01 10:33:45,987] (%D:22) - Text Entered into Mobile Number
 INFO [2024-08-01 10:33:46,236] (%D:22) - Text Entered into other Contact Number
 INFO [2024-08-01 10:33:46,519] (%D:22) - Text Entered into Email Address
 INFO [2024-08-01 10:33:46,718] (%D:22) - Text Entered into job Title
 INFO [2024-08-01 10:33:50,187] (%D:22) - Text Entered into Passport Number
 INFO [2024-08-01 10:33:50,621] (%D:22) - Text Entered into SA ID
 INFO [2024-08-01 10:33:50,764] (%D:22) - Clicked on Employee Residential Address Details
 INFO [2024-08-01 10:33:50,913] (%D:22) - Text Entered into Postal Code
 INFO [2024-08-01 10:33:51,312] (%D:22) - Text Entered into Postal Code
 INFO [2024-08-01 10:33:51,466] (%D:22) - Clicked on Emergency Contact Details
 INFO [2024-08-01 10:33:51,689] (%D:22) - Text Entered into First Name
 INFO [2024-08-01 10:33:51,880] (%D:22) - Text Entered into Last Name
 INFO [2024-08-01 10:33:52,048] (%D:22) - Text Entered into Mobile Number
 INFO [2024-08-01 10:33:52,221] (%D:22) - Text Entered into Other Contact Number
 INFO [2024-08-01 10:33:52,455] (%D:22) - Text Entered into Email Address
 INFO [2024-08-01 10:33:52,595] (%D:22) - Text Entered into Postal Code
 INFO [2024-08-01 10:33:52,715] (%D:22) - Clicked on Next of Kin Details
 INFO [2024-08-01 10:33:52,899] (%D:22) - Text Entered into First Name
 INFO [2024-08-01 10:33:53,135] (%D:22) - Text Entered into Last Name
 INFO [2024-08-01 10:33:53,321] (%D:22) - Text Entered into Mobile Number
 INFO [2024-08-01 10:33:53,523] (%D:22) - Text Entered into Relationship
 INFO [2024-08-01 10:33:53,630] (%D:22) - Clicked on Security Details
 INFO [2024-08-01 10:33:53,810] (%D:22) - Text Entered into Security Licence Number
 INFO [2024-08-01 10:33:54,244] (%D:22) - Text Entered into First Aid CPR
 INFO [2024-08-01 10:33:54,377] (%D:22) - Clicked on Compliance/Training/Certification Details
 INFO [2024-08-01 10:33:54,572] (%D:22) - Text Entered into Driver Licence
 INFO [2024-08-01 10:33:54,781] (%D:22) - Text Entered into Gun Licence
 INFO [2024-08-01 10:33:54,895] (%D:22) - Clicked on First Name
 INFO [2024-08-01 10:33:54,934] (%D:22) - Give Correct Name element is visible
 INFO [2024-08-01 10:33:54,946] (%D:22) - Give Corret Name element is visible
 INFO [2024-08-01 10:33:54,956] (%D:22) - Give Correct Mobile Number is visible
 INFO [2024-08-01 10:33:54,971] (%D:22) - Give Correct Number element is visible
 INFO [2024-08-01 10:33:54,982] (%D:22) - Invalid Email Format. element is visible
 INFO [2024-08-01 10:33:55,160] (%D:22) - Give Valid Passport Number element is visible
 INFO [2024-08-01 10:33:55,360] (%D:22) - Give Correct SA_ID element is visible
 INFO [2024-08-01 10:33:55,377] (%D:22) - Give Correct Postal Code element is visible
 INFO [2024-08-01 10:33:55,393] (%D:22) - Give Correct Postal Code element is visible
 INFO [2024-08-01 10:33:55,410] (%D:22) - Give Correct Name element is visible
 INFO [2024-08-01 10:33:55,410] (%D:22) - Give Correct Name element is visible
 INFO [2024-08-01 10:33:55,426] (%D:22) - Give Correct Mobile Number is visible
 INFO [2024-08-01 10:33:55,443] (%D:22) - Give Correct Number is visible
 INFO [2024-08-01 10:33:55,443] (%D:22) - Invalid email format. is visible
 INFO [2024-08-01 10:33:55,459] (%D:22) - Give Correct Postal Code is visible
 INFO [2024-08-01 10:33:55,476] (%D:22) - Give Correct Name element is visible
 INFO [2024-08-01 10:33:55,493] (%D:22) - Give Correct Name element is visible
 INFO [2024-08-01 10:33:55,508] (%D:22) - Give Correct Mobile Number element is visible
 INFO [2024-08-01 10:33:55,509] (%D:22) - Give Correct Name element is visible
 INFO [2024-08-01 10:33:55,527] (%D:22) - Give Correct Licence Number element is visible
 INFO [2024-08-01 10:33:55,545] (%D:22) - Give Correct Details element is visible
 INFO [2024-08-01 10:33:55,562] (%D:22) - Give Valid Driving Licence Number
 INFO [2024-08-01 10:33:55,574] (%D:22) - Give Valid Gun Licence Number element is visible
 INFO [2024-08-01 10:33:55,732] (%D:22) - Clicked on Cancel Button
 INFO [2024-08-01 10:33:55,880] (%D:22) - Clicked on Add New Employee
 INFO [2024-08-01 10:33:55,880] (%D:22) - Generates Random Alphabets
 INFO [2024-08-01 10:33:55,880] (%D:22) - Generates Random Alphabets
 INFO [2024-08-01 10:33:55,880] (%D:22) - Generates Random Numbers
 INFO [2024-08-01 10:33:55,880] (%D:22) - Generates Random Numbers
 INFO [2024-08-01 10:33:55,880] (%D:22) - Generates Random Alphabets
 INFO [2024-08-01 10:33:55,880] (%D:22) - Generates Random Numbers
 INFO [2024-08-01 10:33:55,880] (%D:22) - Generates Random Numbers
 INFO [2024-08-01 10:33:55,894] (%D:22) - Generates Random Alphabets
 INFO [2024-08-01 10:33:55,895] (%D:22) - Generates Random Alphabets
 INFO [2024-08-01 10:33:55,895] (%D:22) - Generates Random Numbers
 INFO [2024-08-01 10:33:55,897] (%D:22) - Generates Random Alphabets
 INFO [2024-08-01 10:33:55,897] (%D:22) - Generates Random Numbers
 INFO [2024-08-01 10:33:55,898] (%D:22) - Generates Random Numbers
 INFO [2024-08-01 10:33:56,076] (%D:22) - Text Entered into First Name
 INFO [2024-08-01 10:33:56,259] (%D:22) - Text Entered into Last Name
 INFO [2024-08-01 10:33:56,430] (%D:22) - Text Entered into Mobile Number
 INFO [2024-08-01 10:33:56,593] (%D:22) - Text Entered into Other Contact Number
 INFO [2024-08-01 10:33:56,787] (%D:22) - Text Entered into Job Title
 INFO [2024-08-01 10:33:57,158] (%D:22) - Text Entered into Passport Number
 INFO [2024-08-01 10:33:57,546] (%D:22) - Text Entered into SA ID
 INFO [2024-08-01 10:33:57,662] (%D:22) - Clicked on Employee Residential Details
 INFO [2024-08-01 10:33:57,997] (%D:22) - Text Entered into Street1
 INFO [2024-08-01 10:33:58,372] (%D:22) - Text Entered into Street2
 INFO [2024-08-01 10:33:58,500] (%D:22) - Text Entered into Postal Code
 INFO [2024-08-01 10:33:58,613] (%D:22) - Clicked on Postal Address Details
 INFO [2024-08-01 10:33:58,989] (%D:22) - Text Entered into Street1
 INFO [2024-08-01 10:33:59,325] (%D:22) - Text Entered into Street2
 INFO [2024-08-01 10:33:59,469] (%D:22) - Text Entered into Postal Code
 INFO [2024-08-01 10:33:59,611] (%D:22) - Clicked on Emergency Contact Details
 INFO [2024-08-01 10:33:59,848] (%D:22) - Text Entered into First Name
 INFO [2024-08-01 10:34:00,046] (%D:22) - Text Entered into Last Name
 INFO [2024-08-01 10:34:00,212] (%D:22) - Text Entered into Mobile Number
 INFO [2024-08-01 10:34:00,383] (%D:22) - Text Entered into Other Contact Number
 INFO [2024-08-01 10:34:00,754] (%D:22) - Text Entered into Street1
 INFO [2024-08-01 10:34:01,104] (%D:22) - Text Entered into Street2
 INFO [2024-08-01 10:34:01,243] (%D:22) - Text Entered into Postal Code
 INFO [2024-08-01 10:34:01,332] (%D:22) - Clicked on Kin Details
 INFO [2024-08-01 10:34:01,523] (%D:22) - Text Entered into First Name
 INFO [2024-08-01 10:34:01,734] (%D:22) - Text Entered into Last Name
 INFO [2024-08-01 10:34:01,903] (%D:22) - Text Entered into Mobile Number
 INFO [2024-08-01 10:34:02,105] (%D:22) - Text Entered into Relationship
 INFO [2024-08-01 10:34:02,240] (%D:22) - Clicked on Compliance Details
 INFO [2024-08-01 10:34:02,432] (%D:22) - Text Entered into Driver Licence
 INFO [2024-08-01 10:34:02,605] (%D:22) - Text Entered into Gun Licence
 INFO [2024-08-01 10:34:02,687] (%D:22) - Clicked on First Name
 INFO [2024-08-01 10:34:02,741] (%D:22) - Maximum 25 Characters Allowed. element is visible
 INFO [2024-08-01 10:34:02,751] (%D:22) - Maximum 25 Characters Allowed. element is visible
 INFO [2024-08-01 10:34:02,761] (%D:22) - Give Correct Mobile Number element is visible
 INFO [2024-08-01 10:34:02,775] (%D:22) - Give Correct Number element is visible
 INFO [2024-08-01 10:34:02,784] (%D:22) - Max 25 Characters Allowed element is visible
 INFO [2024-08-01 10:34:06,002] (%D:22) - Give Valid Passport Number element is visible
 INFO [2024-08-01 10:34:06,235] (%D:22) - Give Correct SA_ID element is visible
 INFO [2024-08-01 10:34:06,250] (%D:22) - Maximum 100 Characters Allowed. element is visible
 INFO [2024-08-01 10:34:06,253] (%D:22) - Maximum 100 characters allowed. element is visible
 INFO [2024-08-01 10:34:06,271] (%D:22) - Give Correct Postal Code elemnt is visible
 INFO [2024-08-01 10:34:06,284] (%D:22) - Maximum 100 characters allowed. element is visible
 INFO [2024-08-01 10:34:06,284] (%D:22) - Maximum 100 characters allowed. element is visible
 INFO [2024-08-01 10:34:06,301] (%D:22) - Give Correct Postal Code element is visible
 INFO [2024-08-01 10:34:06,318] (%D:22) - Maximum 25 characters Allowed. element is visible
 INFO [2024-08-01 10:34:06,335] (%D:22) - Maximum 25 characters Allowed. element is visible
 INFO [2024-08-01 10:34:06,335] (%D:22) - Give Correct Mobile Number element is visible
 INFO [2024-08-01 10:34:06,351] (%D:22) - Give Correct Number element is visible
 INFO [2024-08-01 10:34:06,351] (%D:22) - Maximum 100 characters allowed. element is visible
 INFO [2024-08-01 10:34:06,371] (%D:22) - Maximum 100 characters allowed. element is visible
 INFO [2024-08-01 10:34:06,384] (%D:22) - Give Correct Postal Code element is visible
 INFO [2024-08-01 10:34:06,384] (%D:22) - Maximum 25 characters allowed. element is visible
 INFO [2024-08-01 10:34:06,402] (%D:22) - Maximum 25 characters allowed. element is visible
 INFO [2024-08-01 10:34:06,416] (%D:22) - Give Correct Mobile Number element is visible
 INFO [2024-08-01 10:34:06,418] (%D:22) - Maximum 25 characters allowed. element is visible
 INFO [2024-08-01 10:34:06,437] (%D:22) - Give Valid Driving Licence Number element is visible
 INFO [2024-08-01 10:34:06,437] (%D:22) - Give Valid Gun Licence Number element is visible
 INFO [2024-08-01 10:34:06,579] (%D:22) - Clicked on Cancel Button
 INFO [2024-08-01 10:34:06,711] (%D:22) - Clicked on Add New Employee
 INFO [2024-08-01 10:34:06,818] (%D:22) - Clicked on Save Button
 INFO [2024-08-01 10:34:06,819] (%D:22) - New Employee not created
 INFO [2024-08-01 10:34:06,956] (%D:22) - Clicked on Cancel Button
 INFO [2024-08-01 10:34:07,088] (%D:22) - Clicked on Add New Employee
 INFO [2024-08-01 10:34:07,373] (%D:22) - Text Entered into First Name
 INFO [2024-08-01 10:34:07,517] (%D:22) - Text Entered into lastName
 INFO [2024-08-01 10:34:07,712] (%D:22) - Clicked on Country Code
 INFO [2024-08-01 10:34:10,113] (%D:22) - Text Entered into Mobile Number
 INFO [2024-08-01 10:34:10,285] (%D:22) - Text Entered into Other Contact Number
 INFO [2024-08-01 10:34:10,460] (%D:22) - Text Entered into email Address
 INFO [2024-08-01 10:34:10,596] (%D:22) - Text Entered into job Title
 INFO [2024-08-01 10:34:13,781] (%D:22) - Clicked on Birthday Calendar Button
 INFO [2024-08-01 10:34:14,993] (%D:22) - Clicked on Birthday Calendar Arrow
 INFO [2024-08-01 10:34:16,142] (%D:22) - Clicked on Year
 INFO [2024-08-01 10:34:17,308] (%D:22) - Clicked on Month
 INFO [2024-08-01 10:34:18,417] (%D:22) - Clicked on Date
 INFO [2024-08-01 10:34:21,720] (%D:22) - Text Entered into Passport Number
 INFO [2024-08-01 10:34:25,007] (%D:22) - Clicked on Passport Calendar Button
 INFO [2024-08-01 10:34:26,187] (%D:22) - Clicked on Passport Calendar Arrow
 INFO [2024-08-01 10:34:27,440] (%D:22) - Clicked on Year
 INFO [2024-08-01 10:34:28,638] (%D:22) - Clicked on Month
 INFO [2024-08-01 10:34:29,814] (%D:22) - Clicked on Date
 INFO [2024-08-01 10:34:32,275] (%D:22) - Text Entered into SA ID
 INFO [2024-08-01 10:34:35,393] (%D:22) - Clicked on Employee Residential Details
 INFO [2024-08-01 10:34:35,494] (%D:22) - Clicked on Employee Residential Details
 INFO [2024-08-01 10:34:35,738] (%D:22) - Text Entered into Street1
 INFO [2024-08-01 10:34:35,976] (%D:22) - Text Entered into Street2
 INFO [2024-08-01 10:34:36,511] (%D:22) - Province is auto-populated
 INFO [2024-08-01 10:34:36,644] (%D:22) - Text Entered into Postal Code
 INFO [2024-08-01 10:34:37,183] (%D:22) - Clicked on Postal Address Details
 INFO [2024-08-01 10:34:37,458] (%D:22) - Text Entered into Street1
 INFO [2024-08-01 10:34:37,743] (%D:22) - Text Entered into Street2
 INFO [2024-08-01 10:34:38,189] (%D:22) - Province is auto-populated
 INFO [2024-08-01 10:34:38,332] (%D:22) - Text Entered into Postal Code
 INFO [2024-08-01 10:34:38,876] (%D:22) - Clicked on  Next Of Kin Details
 INFO [2024-08-01 10:34:39,041] (%D:22) - Text Entered into First Name
 INFO [2024-08-01 10:34:39,224] (%D:22) - Text Entered into Last Name
 INFO [2024-08-01 10:34:39,429] (%D:22) - Text Entered into Mobile Number
 INFO [2024-08-01 10:34:39,607] (%D:22) - Text Entered into Relationship
 INFO [2024-08-01 10:34:39,747] (%D:22) - Clicked on Emergency Contact Details
 INFO [2024-08-01 10:34:39,909] (%D:22) - Text Entered into First Name
 INFO [2024-08-01 10:34:40,057] (%D:22) - Text Entered into Last Name
 INFO [2024-08-01 10:34:40,229] (%D:22) - Text Entered into Mobile Number
 INFO [2024-08-01 10:34:40,458] (%D:22) - Text Entered into Other Contact Number
 INFO [2024-08-01 10:34:40,646] (%D:22) - Text Entered into email Address
 INFO [2024-08-01 10:34:40,992] (%D:22) - Text Entered into Street1
 INFO [2024-08-01 10:34:41,113] (%D:22) - Text Entered into Street2
 INFO [2024-08-01 10:34:41,627] (%D:22) - Province is auto-populated
 INFO [2024-08-01 10:34:41,790] (%D:22) - Text Entered into Postal Code
 INFO [2024-08-01 10:34:47,325] (%D:22) - Clicked on Security Details
 INFO [2024-08-01 10:34:47,514] (%D:22) - Text Entered into Security Licence Number
 INFO [2024-08-01 10:34:49,724] (%D:22) - Clicked on Security Calendar Button
 INFO [2024-08-01 10:34:50,832] (%D:22) - Clicked on Security Calendar Arrow
 INFO [2024-08-01 10:34:51,957] (%D:22) - Clicked on Year
 INFO [2024-08-01 10:34:53,067] (%D:22) - Clicked on Month
 INFO [2024-08-01 10:34:54,204] (%D:22) - Clicked on Date
 INFO [2024-08-01 10:34:54,372] (%D:22) - Clicked on First Aid Details
 INFO [2024-08-01 10:34:54,534] (%D:22) - Text Entered into First Aid CPR
 INFO [2024-08-01 10:34:56,743] (%D:22) - Clicked on First Aid Calendar Button
 INFO [2024-08-01 10:34:57,855] (%D:22) - Clicked on First Aid Calendar Arrow
 INFO [2024-08-01 10:34:58,964] (%D:22) - Clicked on Year
 INFO [2024-08-01 10:35:00,078] (%D:22) - Clicked on Month
 INFO [2024-08-01 10:35:01,186] (%D:22) - Clicked on Date
 INFO [2024-08-01 10:35:01,309] (%D:22) - Clicked on complianceDetails
 INFO [2024-08-01 10:35:01,534] (%D:22) - Text Entered into Driver Licence
 INFO [2024-08-01 10:35:03,709] (%D:22) - Clicked on Driver Licence Calendar Button
 INFO [2024-08-01 10:35:04,809] (%D:22) - Clicked on Driver Licence Calendar Arrow
 INFO [2024-08-01 10:35:05,922] (%D:22) - Clicked on Year
 INFO [2024-08-01 10:35:07,009] (%D:22) - Clicked on Month
 INFO [2024-08-01 10:35:08,098] (%D:22) - Clicked on Date
 INFO [2024-08-01 10:35:08,290] (%D:22) - Text Entered into Gun Licence
 INFO [2024-08-01 10:35:10,450] (%D:22) - Clicked on Gun Licence Calendar Button
 INFO [2024-08-01 10:35:11,568] (%D:22) - Clicked on Gun Licence Calendar Arrow
 INFO [2024-08-01 10:35:12,676] (%D:22) - Clicked on Year
 INFO [2024-08-01 10:35:13,796] (%D:22) - Clicked on Month
 INFO [2024-08-01 10:35:14,923] (%D:22) - Clicked on Date
 INFO [2024-08-01 10:35:15,064] (%D:22) - Clicked on Equipment Details
 INFO [2024-08-01 10:35:19,424] (%D:22) - Clicked on Contract Details
 INFO [2024-08-01 10:35:22,048] (%D:22) - Clicked on Contract Start Calendar Button
 INFO [2024-08-01 10:35:23,175] (%D:22) - Clicked on Contract Start Calendar Arrow
 INFO [2024-08-01 10:35:24,297] (%D:22) - Clicked on Year
 INFO [2024-08-01 10:35:25,408] (%D:22) - Clicked on Month
 INFO [2024-08-01 10:35:26,560] (%D:22) - Clicked on Date
 INFO [2024-08-01 10:35:28,829] (%D:22) - Clicked on Contract End Calendar Button
 INFO [2024-08-01 10:35:29,966] (%D:22) - Clicked on Contract End Calendar Arrow
 INFO [2024-08-01 10:35:31,079] (%D:22) - Clicked on Year
 INFO [2024-08-01 10:35:32,182] (%D:22) - Clicked on Month
 INFO [2024-08-01 10:35:33,289] (%D:22) - Clicked on Date
 INFO [2024-08-01 10:35:39,011] (%D:22) - Clicked on Save
 INFO [2024-08-01 10:35:49,334] (%D:22) - Text Entered into Filter
 INFO [2024-08-01 10:35:49,392] (%D:22) - Text got from Filtered Data
 INFO [2024-08-01 10:35:49,392] (%D:22) - New Manager is created successfully
 INFO [2024-08-01 10:35:49,393] (%D:17) - $$$$$$$$$$$$$$$$$$$$$$$$$$$$$$$$---END---$$$$$$$$$$$$$$$$$$$$$$$$$$$$$$$$$$$$$$$$$$$$$$
 INFO [2024-08-01 10:35:49,393] (%D:18) -     
 INFO [2024-08-01 10:35:49,482] (%D:10) - **********************************************************************************************
 INFO [2024-08-01 10:35:49,482] (%D:11) - $$$$$$$$$$$$$$$$$$$$$$$$$$$$$$$$Verify Add New Employee functionality as Supervisor      $$$$$$$$$$$$$$$$$$$$$$$$$$$$$$$$$$$$$$$$$$$$$$
 INFO [2024-08-01 10:35:49,482] (%D:12) - ***********************************************************************************************
 INFO [2024-08-01 10:35:56,503] (%D:22) - Clicked on clicked
 INFO [2024-08-01 10:35:56,622] (%D:22) - Text Entered into Enter Email id
 INFO [2024-08-01 10:35:56,721] (%D:22) - Clicked on clicked
 INFO [2024-08-01 10:35:56,799] (%D:22) - Text Entered into Enter password
 INFO [2024-08-01 10:35:56,880] (%D:22) - Clicked on Login
 INFO [2024-08-01 10:35:59,917] (%D:22) - User navigated to Homepage
 INFO [2024-08-01 10:36:05,145] (%D:22) - Clicked on Employees
 INFO [2024-08-01 10:36:05,471] (%D:22) - Clicked on Add New Employee
 INFO [2024-08-01 10:36:15,788] (%D:22) - Text Entered into First Name
 INFO [2024-08-01 10:36:15,963] (%D:22) - Text Entered into lastName
 INFO [2024-08-01 10:36:16,130] (%D:22) - Clicked on Country Code
 INFO [2024-08-01 10:36:18,507] (%D:22) - Text Entered into Mobile Number
 INFO [2024-08-01 10:36:18,660] (%D:22) - Text Entered into Other Contact Number
 INFO [2024-08-01 10:36:18,852] (%D:22) - Text Entered into email Address
 INFO [2024-08-01 10:36:19,019] (%D:22) - Text Entered into job Title
 INFO [2024-08-01 10:36:21,707] (%D:22) - Clicked on Birthday Calendar Button
 INFO [2024-08-01 10:36:22,822] (%D:22) - Clicked on Birthday Calendar Arrow
 INFO [2024-08-01 10:36:23,955] (%D:22) - Clicked on Year
 INFO [2024-08-01 10:36:25,070] (%D:22) - Clicked on Month
 INFO [2024-08-01 10:36:26,177] (%D:22) - Clicked on Date
 INFO [2024-08-01 10:36:29,453] (%D:22) - Text Entered into Passport Number
 INFO [2024-08-01 10:36:32,703] (%D:22) - Clicked on Passport Calendar Button
 INFO [2024-08-01 10:36:33,910] (%D:22) - Clicked on Passport Calendar Arrow
 INFO [2024-08-01 10:36:35,059] (%D:22) - Clicked on Year
 INFO [2024-08-01 10:36:36,273] (%D:22) - Clicked on Month
 INFO [2024-08-01 10:36:37,356] (%D:22) - Clicked on Date
 INFO [2024-08-01 10:36:39,768] (%D:22) - Text Entered into SA ID
 INFO [2024-08-01 10:36:39,850] (%D:22) - Clicked on Employee Residential Details
 INFO [2024-08-01 10:36:39,959] (%D:22) - Clicked on Employee Residential Details
 INFO [2024-08-01 10:36:40,275] (%D:22) - Text Entered into Street1
 INFO [2024-08-01 10:36:40,537] (%D:22) - Text Entered into Street2
 INFO [2024-08-01 10:36:40,995] (%D:22) - Province is auto-populated
 INFO [2024-08-01 10:36:41,166] (%D:22) - Text Entered into Postal Code
 INFO [2024-08-01 10:36:41,756] (%D:22) - Clicked on Postal Address Details
 INFO [2024-08-01 10:36:42,084] (%D:22) - Text Entered into Street1
 INFO [2024-08-01 10:36:42,348] (%D:22) - Text Entered into Street2
 INFO [2024-08-01 10:36:42,847] (%D:22) - Province is auto-populated
 INFO [2024-08-01 10:36:42,996] (%D:22) - Text Entered into Postal Code
 INFO [2024-08-01 10:36:43,540] (%D:22) - Clicked on  Next Of Kin Details
 INFO [2024-08-01 10:36:43,703] (%D:22) - Text Entered into First Name
 INFO [2024-08-01 10:36:43,870] (%D:22) - Text Entered into Last Name
 INFO [2024-08-01 10:36:44,043] (%D:22) - Text Entered into Mobile Number
 INFO [2024-08-01 10:36:44,212] (%D:22) - Text Entered into Relationship
 INFO [2024-08-01 10:36:44,339] (%D:22) - Clicked on Emergency Contact Details
 INFO [2024-08-01 10:36:44,508] (%D:22) - Text Entered into First Name
 INFO [2024-08-01 10:36:44,660] (%D:22) - Text Entered into Last Name
 INFO [2024-08-01 10:36:44,832] (%D:22) - Text Entered into Mobile Number
 INFO [2024-08-01 10:36:45,000] (%D:22) - Text Entered into Other Contact Number
 INFO [2024-08-01 10:36:45,179] (%D:22) - Text Entered into email Address
 INFO [2024-08-01 10:36:45,527] (%D:22) - Text Entered into Street1
 INFO [2024-08-01 10:36:45,641] (%D:22) - Text Entered into Street2
 INFO [2024-08-01 10:36:46,154] (%D:22) - Province is auto-populated
 INFO [2024-08-01 10:36:46,335] (%D:22) - Text Entered into Postal Code
 INFO [2024-08-01 10:36:46,848] (%D:22) - Clicked on Security Details
 INFO [2024-08-01 10:36:47,048] (%D:22) - Text Entered into Security Licence Number
 INFO [2024-08-01 10:36:50,224] (%D:22) - Clicked on Security Calendar Button
 INFO [2024-08-01 10:36:51,347] (%D:22) - Clicked on Security Calendar Arrow
 INFO [2024-08-01 10:36:52,526] (%D:22) - Clicked on Year
 INFO [2024-08-01 10:36:53,661] (%D:22) - Clicked on Month
 INFO [2024-08-01 10:36:54,753] (%D:22) - Clicked on Date
 INFO [2024-08-01 10:36:54,898] (%D:22) - Clicked on First Aid Details
 INFO [2024-08-01 10:36:55,055] (%D:22) - Text Entered into First Aid CPR
 INFO [2024-08-01 10:36:57,224] (%D:22) - Clicked on First Aid Calendar Button
 INFO [2024-08-01 10:36:58,397] (%D:22) - Clicked on First Aid Calendar Arrow
 INFO [2024-08-01 10:36:59,509] (%D:22) - Clicked on Year
 INFO [2024-08-01 10:37:00,600] (%D:22) - Clicked on Month
 INFO [2024-08-01 10:37:01,703] (%D:22) - Clicked on Date
 INFO [2024-08-01 10:37:01,887] (%D:22) - Clicked on complianceDetails
 INFO [2024-08-01 10:37:02,111] (%D:22) - Text Entered into Driver Licence
 INFO [2024-08-01 10:37:04,356] (%D:22) - Clicked on Driver Licence Calendar Button
 INFO [2024-08-01 10:37:05,543] (%D:22) - Clicked on Driver Licence Calendar Arrow
 INFO [2024-08-01 10:37:06,644] (%D:22) - Clicked on Year
 INFO [2024-08-01 10:37:07,732] (%D:22) - Clicked on Month
 INFO [2024-08-01 10:37:08,842] (%D:22) - Clicked on Date
 INFO [2024-08-01 10:37:08,998] (%D:22) - Text Entered into Gun Licence
 INFO [2024-08-01 10:37:11,141] (%D:22) - Clicked on Gun Licence Calendar Button
 INFO [2024-08-01 10:37:12,224] (%D:22) - Clicked on Gun Licence Calendar Arrow
 INFO [2024-08-01 10:37:13,332] (%D:22) - Clicked on Year
 INFO [2024-08-01 10:37:14,444] (%D:22) - Clicked on Month
 INFO [2024-08-01 10:37:15,562] (%D:22) - Clicked on Date
 INFO [2024-08-01 10:37:15,787] (%D:22) - Clicked on Equipment Details
 INFO [2024-08-01 10:37:20,100] (%D:22) - Clicked on Contract Details
 INFO [2024-08-01 10:37:22,706] (%D:22) - Clicked on Contract Start Calendar Button
 INFO [2024-08-01 10:37:23,850] (%D:22) - Clicked on Contract Start Calendar Arrow
 INFO [2024-08-01 10:37:24,947] (%D:22) - Clicked on Year
 INFO [2024-08-01 10:37:26,047] (%D:22) - Clicked on Month
 INFO [2024-08-01 10:37:27,160] (%D:22) - Clicked on Date
 INFO [2024-08-01 10:37:43,066] (%D:22) - Clicked on Save
 INFO [2024-08-01 10:37:51,210] (%D:30) - Unable to Identify text field 
 INFO [2024-08-01 10:37:51,363] (%D:17) - $$$$$$$$$$$$$$$$$$$$$$$$$$$$$$$$---END---$$$$$$$$$$$$$$$$$$$$$$$$$$$$$$$$$$$$$$$$$$$$$$
 INFO [2024-08-01 10:37:51,363] (%D:18) -     
 INFO [2024-08-01 10:37:51,462] (%D:10) - **********************************************************************************************
 INFO [2024-08-01 10:37:51,462] (%D:11) - $$$$$$$$$$$$$$$$$$$$$$$$$$$$$$$$Verify Add New Employee functionality as Employee      $$$$$$$$$$$$$$$$$$$$$$$$$$$$$$$$$$$$$$$$$$$$$$
 INFO [2024-08-01 10:37:51,462] (%D:12) - ***********************************************************************************************
 INFO [2024-08-01 10:37:58,637] (%D:22) - Clicked on clicked
 INFO [2024-08-01 10:37:58,753] (%D:22) - Text Entered into Enter Email id
 INFO [2024-08-01 10:37:58,829] (%D:22) - Clicked on clicked
 INFO [2024-08-01 10:37:58,919] (%D:22) - Text Entered into Enter password
 INFO [2024-08-01 10:37:59,009] (%D:22) - Clicked on Login
 INFO [2024-08-01 10:38:02,041] (%D:22) - User navigated to Homepage
 INFO [2024-08-01 10:38:07,311] (%D:22) - Clicked on Employees
 INFO [2024-08-01 10:38:07,536] (%D:22) - Clicked on Add New Employee
 INFO [2024-08-01 10:38:17,796] (%D:22) - Text Entered into First Name
 INFO [2024-08-01 10:38:17,965] (%D:22) - Text Entered into lastName
 INFO [2024-08-01 10:38:18,129] (%D:22) - Clicked on Country Code
 INFO [2024-08-01 10:38:20,504] (%D:22) - Text Entered into Mobile Number
 INFO [2024-08-01 10:38:20,686] (%D:22) - Text Entered into Other Contact Number
 INFO [2024-08-01 10:38:20,952] (%D:22) - Text Entered into email Address
 INFO [2024-08-01 10:38:21,103] (%D:22) - Text Entered into job Title
 INFO [2024-08-01 10:38:25,780] (%D:22) - Clicked on Birthday Calendar Button
 INFO [2024-08-01 10:38:26,968] (%D:22) - Clicked on Birthday Calendar Arrow
 INFO [2024-08-01 10:38:28,084] (%D:22) - Clicked on Year
 INFO [2024-08-01 10:38:29,180] (%D:22) - Clicked on Month
 INFO [2024-08-01 10:38:30,310] (%D:22) - Clicked on Date
 INFO [2024-08-01 10:38:34,259] (%D:22) - Text Entered into Passport Number
 INFO [2024-08-01 10:38:36,486] (%D:22) - Clicked on Passport Calendar Button
 INFO [2024-08-01 10:38:37,640] (%D:22) - Clicked on Passport Calendar Arrow
 INFO [2024-08-01 10:38:38,780] (%D:22) - Clicked on Year
 INFO [2024-08-01 10:38:39,940] (%D:22) - Clicked on Month
 INFO [2024-08-01 10:38:41,121] (%D:22) - Clicked on Date
 INFO [2024-08-01 10:38:43,601] (%D:22) - Text Entered into SA ID
 INFO [2024-08-01 10:38:46,737] (%D:22) - Clicked on Employee Residential Details
 INFO [2024-08-01 10:38:46,857] (%D:22) - Clicked on Employee Residential Details
 INFO [2024-08-01 10:38:47,116] (%D:22) - Text Entered into Street1
 INFO [2024-08-01 10:38:47,369] (%D:22) - Text Entered into Street2
 INFO [2024-08-01 10:38:47,835] (%D:22) - Province is auto-populated
 INFO [2024-08-01 10:38:47,984] (%D:22) - Text Entered into Postal Code
 INFO [2024-08-01 10:38:48,563] (%D:22) - Clicked on Postal Address Details
 INFO [2024-08-01 10:38:48,818] (%D:22) - Text Entered into Street1
 INFO [2024-08-01 10:38:49,086] (%D:22) - Text Entered into Street2
 INFO [2024-08-01 10:38:50,159] (%D:22) - Province is auto-populated
 INFO [2024-08-01 10:38:50,335] (%D:22) - Text Entered into Postal Code
 INFO [2024-08-01 10:38:50,933] (%D:22) - Clicked on  Next Of Kin Details
 INFO [2024-08-01 10:38:51,100] (%D:22) - Text Entered into First Name
 INFO [2024-08-01 10:38:51,272] (%D:22) - Text Entered into Last Name
 INFO [2024-08-01 10:38:51,450] (%D:22) - Text Entered into Mobile Number
 INFO [2024-08-01 10:38:51,619] (%D:22) - Text Entered into Relationship
 INFO [2024-08-01 10:38:51,768] (%D:22) - Clicked on Emergency Contact Details
 INFO [2024-08-01 10:38:51,916] (%D:22) - Text Entered into First Name
 INFO [2024-08-01 10:38:52,090] (%D:22) - Text Entered into Last Name
 INFO [2024-08-01 10:38:52,282] (%D:22) - Text Entered into Mobile Number
 INFO [2024-08-01 10:38:52,458] (%D:22) - Text Entered into Other Contact Number
 INFO [2024-08-01 10:38:52,647] (%D:22) - Text Entered into email Address
 INFO [2024-08-01 10:38:53,001] (%D:22) - Text Entered into Street1
 INFO [2024-08-01 10:38:53,105] (%D:22) - Text Entered into Street2
 INFO [2024-08-01 10:38:53,657] (%D:22) - Province is auto-populated
 INFO [2024-08-01 10:38:53,848] (%D:22) - Text Entered into Postal Code
 INFO [2024-08-01 10:38:54,377] (%D:22) - Clicked on Security Details
 INFO [2024-08-01 10:38:57,597] (%D:22) - Text Entered into Security Licence Number
 INFO [2024-08-01 10:38:59,866] (%D:22) - Clicked on Security Calendar Button
 INFO [2024-08-01 10:39:00,981] (%D:22) - Clicked on Security Calendar Arrow
 INFO [2024-08-01 10:39:02,094] (%D:22) - Clicked on Year
 INFO [2024-08-01 10:39:03,219] (%D:22) - Clicked on Month
 INFO [2024-08-01 10:39:04,418] (%D:22) - Clicked on Date
 INFO [2024-08-01 10:39:04,573] (%D:22) - Clicked on First Aid Details
 INFO [2024-08-01 10:39:07,835] (%D:22) - Text Entered into First Aid CPR
 INFO [2024-08-01 10:39:10,002] (%D:22) - Clicked on First Aid Calendar Button
 INFO [2024-08-01 10:39:11,140] (%D:22) - Clicked on First Aid Calendar Arrow
 INFO [2024-08-01 10:39:12,276] (%D:22) - Clicked on Year
 INFO [2024-08-01 10:39:13,389] (%D:22) - Clicked on Month
 INFO [2024-08-01 10:39:14,499] (%D:22) - Clicked on Date
 INFO [2024-08-01 10:39:14,703] (%D:22) - Clicked on complianceDetails
 INFO [2024-08-01 10:39:17,929] (%D:22) - Text Entered into Driver Licence
 INFO [2024-08-01 10:39:20,113] (%D:22) - Clicked on Driver Licence Calendar Button
 INFO [2024-08-01 10:39:21,212] (%D:22) - Clicked on Driver Licence Calendar Arrow
 INFO [2024-08-01 10:39:22,324] (%D:22) - Clicked on Year
 INFO [2024-08-01 10:39:23,398] (%D:22) - Clicked on Month
 INFO [2024-08-01 10:39:24,535] (%D:22) - Clicked on Date
 INFO [2024-08-01 10:39:24,739] (%D:22) - Text Entered into Gun Licence
 INFO [2024-08-01 10:39:26,912] (%D:22) - Clicked on Gun Licence Calendar Button
 INFO [2024-08-01 10:39:28,043] (%D:22) - Clicked on Gun Licence Calendar Arrow
 INFO [2024-08-01 10:39:29,149] (%D:22) - Clicked on Year
 INFO [2024-08-01 10:39:30,264] (%D:22) - Clicked on Month
 INFO [2024-08-01 10:39:31,354] (%D:22) - Clicked on Date
 INFO [2024-08-01 10:39:31,563] (%D:22) - Clicked on Equipment Details
 INFO [2024-08-01 10:39:36,779] (%D:22) - Clicked on Contract Details
 INFO [2024-08-01 10:39:39,479] (%D:22) - Clicked on Contract Start Calendar Button
 INFO [2024-08-01 10:39:39,576] (%D:22) - Clicked on Contract Start Calendar Arrow
 INFO [2024-08-01 10:39:40,724] (%D:22) - Clicked on Year
 INFO [2024-08-01 10:39:41,853] (%D:22) - Clicked on Month
 INFO [2024-08-01 10:39:42,972] (%D:22) - Clicked on Date
 INFO [2024-08-01 10:39:50,406] (%D:22) - Clicked on Parent Contact Name
 INFO [2024-08-01 10:39:55,451] (%D:30) - Unable to click on element Parent Employee Name
 INFO [2024-08-01 10:39:55,609] (%D:17) - $$$$$$$$$$$$$$$$$$$$$$$$$$$$$$$$---END---$$$$$$$$$$$$$$$$$$$$$$$$$$$$$$$$$$$$$$$$$$$$$$
 INFO [2024-08-01 10:39:55,616] (%D:18) -     
 INFO [2024-08-01 10:39:55,656] (%D:10) - **********************************************************************************************
 INFO [2024-08-01 10:39:55,656] (%D:11) - $$$$$$$$$$$$$$$$$$$$$$$$$$$$$$$$Verify the Active Employees and Inactive Employees filter functionality      $$$$$$$$$$$$$$$$$$$$$$$$$$$$$$$$$$$$$$$$$$$$$$
 INFO [2024-08-01 10:39:55,657] (%D:12) - ***********************************************************************************************
 INFO [2024-08-01 10:40:10,569] (%D:22) - Clicked on clicked
 INFO [2024-08-01 10:40:10,684] (%D:22) - Text Entered into Enter Email id
 INFO [2024-08-01 10:40:10,779] (%D:22) - Clicked on clicked
 INFO [2024-08-01 10:40:10,851] (%D:22) - Text Entered into Enter password
 INFO [2024-08-01 10:40:10,935] (%D:22) - Clicked on Login
 INFO [2024-08-01 10:40:13,973] (%D:22) - User navigated to Homepage
 INFO [2024-08-01 10:40:19,321] (%D:22) - Clicked on Employees
 INFO [2024-08-01 10:40:24,617] (%D:22) - Text Entered into Filters
 INFO [2024-08-01 10:40:24,680] (%D:22) - Text got from EmployeeID
 INFO [2024-08-01 10:40:24,725] (%D:22) - Text got from Filtered Data
 INFO [2024-08-01 10:40:24,725] (%D:22) - Filtered data is displayed
 INFO [2024-08-01 10:40:24,725] (%D:22) - Generated Alphanumeric values
 INFO [2024-08-01 10:40:24,959] (%D:22) - Text Entered into Filter
 INFO [2024-08-01 10:40:24,979] (%D:22) -  No data matching the filter message is displayed
 INFO [2024-08-01 10:40:28,233] (%D:22) - Text Entered into Filters
 INFO [2024-08-01 10:40:28,406] (%D:22) - Clicked on Manage Employee
 INFO [2024-08-01 10:40:31,595] (%D:22) - Clicked on Deactivate
 INFO [2024-08-01 10:40:34,790] (%D:22) - Clicked on Inactive Employees
 INFO [2024-08-01 10:40:40,191] (%D:22) - Text Entered into Filters
 INFO [2024-08-01 10:40:40,230] (%D:22) - Text got from Filtered Data
 INFO [2024-08-01 10:40:40,230] (%D:22) - Filtered data is displayed
 INFO [2024-08-01 10:40:40,230] (%D:22) - Generated Alphanumeric values
 INFO [2024-08-01 10:40:40,402] (%D:22) - Text Entered into Filter
 INFO [2024-08-01 10:40:40,413] (%D:22) -  No data matching the filter message is displayed
 INFO [2024-08-01 10:40:40,506] (%D:22) - Clicked on Items Dropdown
 INFO [2024-08-01 10:40:43,280] (%D:22) - Clicked on Items Dropdown Option
 INFO [2024-08-01 10:40:43,281] (%D:17) - $$$$$$$$$$$$$$$$$$$$$$$$$$$$$$$$---END---$$$$$$$$$$$$$$$$$$$$$$$$$$$$$$$$$$$$$$$$$$$$$$
 INFO [2024-08-01 10:40:43,281] (%D:18) -     
 INFO [2024-08-01 10:40:43,339] (%D:10) - **********************************************************************************************
 INFO [2024-08-01 10:40:43,339] (%D:11) - $$$$$$$$$$$$$$$$$$$$$$$$$$$$$$$$Verify the Manage Employees functionality of Active Employees and Inactive Employees      $$$$$$$$$$$$$$$$$$$$$$$$$$$$$$$$$$$$$$$$$$$$$$
 INFO [2024-08-01 10:40:43,339] (%D:12) - ***********************************************************************************************
 INFO [2024-08-01 10:40:50,698] (%D:22) - Clicked on clicked
 INFO [2024-08-01 10:40:50,820] (%D:22) - Text Entered into Enter Email id
 INFO [2024-08-01 10:40:50,904] (%D:22) - Clicked on clicked
 INFO [2024-08-01 10:40:50,982] (%D:22) - Text Entered into Enter password
 INFO [2024-08-01 10:40:51,057] (%D:22) - Clicked on Login
 INFO [2024-08-01 10:40:54,081] (%D:22) - User navigated to Homepage
 INFO [2024-08-01 10:40:59,304] (%D:22) - Clicked on Employees
 INFO [2024-08-01 10:41:04,870] (%D:22) - Text Entered into Filters
 INFO [2024-08-01 10:41:24,986] (%D:30) - Element not available
 INFO [2024-08-01 10:41:25,145] (%D:17) - $$$$$$$$$$$$$$$$$$$$$$$$$$$$$$$$---END---$$$$$$$$$$$$$$$$$$$$$$$$$$$$$$$$$$$$$$$$$$$$$$
 INFO [2024-08-01 10:41:25,145] (%D:18) -     
 INFO [2024-08-01 10:41:25,217] (%D:10) - **********************************************************************************************
 INFO [2024-08-01 10:41:25,217] (%D:11) - $$$$$$$$$$$$$$$$$$$$$$$$$$$$$$$$Verify the Bulk Upload functionality      $$$$$$$$$$$$$$$$$$$$$$$$$$$$$$$$$$$$$$$$$$$$$$
 INFO [2024-08-01 10:41:25,217] (%D:12) - ***********************************************************************************************
 INFO [2024-08-01 10:41:32,846] (%D:22) - Clicked on clicked
 INFO [2024-08-01 10:41:33,005] (%D:22) - Text Entered into Enter Email id
 INFO [2024-08-01 10:41:33,087] (%D:22) - Clicked on clicked
 INFO [2024-08-01 10:41:33,165] (%D:22) - Text Entered into Enter password
 INFO [2024-08-01 10:41:33,243] (%D:22) - Clicked on Login
 INFO [2024-08-01 10:41:36,271] (%D:22) - User navigated to Homepage
 INFO [2024-08-01 10:41:41,500] (%D:22) - Clicked on Employees
 INFO [2024-08-01 10:41:46,621] (%D:22) - Clicked on Bulk Upload
 INFO [2024-08-01 10:41:52,717] (%D:22) - File is selected Sucessfully
 INFO [2024-08-01 10:41:52,847] (%D:22) - Clicked on Submit
 INFO [2024-08-01 10:41:54,875] (%D:22) - Valid bulk employee is uploaded
 INFO [2024-08-01 10:42:00,075] (%D:22) - Clicked on Bulk Upload
 INFO [2024-08-01 10:42:06,143] (%D:22) - File is selected Sucessfully
 INFO [2024-08-01 10:42:06,224] (%D:22) - Clicked on Submit
 INFO [2024-08-01 10:42:08,241] (%D:22) - Invalid bulk file upload file is not uploaded
 INFO [2024-08-01 10:42:13,324] (%D:22) - Clicked on Cancel
 INFO [2024-08-01 10:42:18,453] (%D:22) - Clicked on Bulk Upload
 INFO [2024-08-01 10:42:24,541] (%D:22) - File is selected Sucessfully
 INFO [2024-08-01 10:42:26,579] (%D:22) - Null bulk upload file is not uploaded
 INFO [2024-08-01 10:42:31,693] (%D:22) - Clicked on Cancel
 INFO [2024-08-01 10:42:31,895] (%D:22) - Clicked on Add New Employee
 INFO [2024-08-01 10:42:32,137] (%D:22) - Text Entered into First Name
 INFO [2024-08-01 10:42:32,281] (%D:22) - Text Entered into lastName
 INFO [2024-08-01 10:42:32,392] (%D:22) - Clicked on Country Code
 INFO [2024-08-01 10:42:34,803] (%D:22) - Text Entered into Mobile Number
 INFO [2024-08-01 10:42:34,959] (%D:22) - Text Entered into Other Contact Number
 INFO [2024-08-01 10:42:35,158] (%D:22) - Text Entered into email Address
 INFO [2024-08-01 10:42:35,283] (%D:22) - Text Entered into job Title
 INFO [2024-08-01 10:42:38,526] (%D:22) - Clicked on Birthday Calendar Button
 INFO [2024-08-01 10:42:39,665] (%D:22) - Clicked on Birthday Calendar Arrow
 INFO [2024-08-01 10:42:40,806] (%D:22) - Clicked on Year
 INFO [2024-08-01 10:42:41,981] (%D:22) - Clicked on Month
 INFO [2024-08-01 10:42:43,202] (%D:22) - Clicked on Date
 INFO [2024-08-01 10:42:46,416] (%D:22) - Text Entered into Passport Number
 INFO [2024-08-01 10:42:49,614] (%D:22) - Clicked on Passport Calendar Button
 INFO [2024-08-01 10:42:50,728] (%D:22) - Clicked on Passport Calendar Arrow
 INFO [2024-08-01 10:42:51,846] (%D:22) - Clicked on Year
 INFO [2024-08-01 10:42:53,079] (%D:22) - Clicked on Month
 INFO [2024-08-01 10:42:54,185] (%D:22) - Clicked on Date
 INFO [2024-08-01 10:42:56,669] (%D:22) - Text Entered into SA ID
 INFO [2024-08-01 10:42:59,770] (%D:22) - Clicked on Employee Residential Details
 INFO [2024-08-01 10:42:59,879] (%D:22) - Clicked on Employee Residential Details
 INFO [2024-08-01 10:43:00,186] (%D:22) - Text Entered into Street1
 INFO [2024-08-01 10:43:00,462] (%D:22) - Text Entered into Street2
 INFO [2024-08-01 10:43:00,918] (%D:22) - Province is auto-populated
 INFO [2024-08-01 10:43:01,073] (%D:22) - Text Entered into Postal Code
 INFO [2024-08-01 10:43:01,616] (%D:22) - Clicked on Postal Address Details
 INFO [2024-08-01 10:43:01,875] (%D:22) - Text Entered into Street1
 INFO [2024-08-01 10:43:02,125] (%D:22) - Text Entered into Street2
 INFO [2024-08-01 10:43:02,600] (%D:22) - Province is auto-populated
 INFO [2024-08-01 10:43:02,777] (%D:22) - Text Entered into Postal Code
 INFO [2024-08-01 10:43:03,368] (%D:22) - Clicked on  Next Of Kin Details
 INFO [2024-08-01 10:43:03,515] (%D:22) - Text Entered into First Name
 INFO [2024-08-01 10:43:03,682] (%D:22) - Text Entered into Last Name
 INFO [2024-08-01 10:43:03,861] (%D:22) - Text Entered into Mobile Number
 INFO [2024-08-01 10:43:04,029] (%D:22) - Text Entered into Relationship
 INFO [2024-08-01 10:43:04,170] (%D:22) - Clicked on Emergency Contact Details
 INFO [2024-08-01 10:43:04,332] (%D:22) - Text Entered into First Name
 INFO [2024-08-01 10:43:04,511] (%D:22) - Text Entered into Last Name
 INFO [2024-08-01 10:43:04,687] (%D:22) - Text Entered into Mobile Number
 INFO [2024-08-01 10:43:04,856] (%D:22) - Text Entered into Other Contact Number
 INFO [2024-08-01 10:43:05,029] (%D:22) - Text Entered into email Address
 INFO [2024-08-01 10:43:05,386] (%D:22) - Text Entered into Street1
 INFO [2024-08-01 10:43:05,504] (%D:22) - Text Entered into Street2
 INFO [2024-08-01 10:43:06,000] (%D:22) - Province is auto-populated
 INFO [2024-08-01 10:43:06,154] (%D:22) - Text Entered into Postal Code
 INFO [2024-08-01 10:43:11,701] (%D:22) - Clicked on Security Details
 INFO [2024-08-01 10:43:11,889] (%D:22) - Text Entered into Security Licence Number
 INFO [2024-08-01 10:43:14,035] (%D:22) - Clicked on Security Calendar Button
 INFO [2024-08-01 10:43:15,141] (%D:22) - Clicked on Security Calendar Arrow
 INFO [2024-08-01 10:43:16,313] (%D:22) - Clicked on Year
 INFO [2024-08-01 10:43:17,392] (%D:22) - Clicked on Month
 INFO [2024-08-01 10:43:18,474] (%D:22) - Clicked on Date
 INFO [2024-08-01 10:43:18,642] (%D:22) - Clicked on First Aid Details
 INFO [2024-08-01 10:43:18,831] (%D:22) - Text Entered into First Aid CPR
 INFO [2024-08-01 10:43:20,989] (%D:22) - Clicked on First Aid Calendar Button
 INFO [2024-08-01 10:43:22,081] (%D:22) - Clicked on First Aid Calendar Arrow
 INFO [2024-08-01 10:43:23,162] (%D:22) - Clicked on Year
 INFO [2024-08-01 10:43:24,267] (%D:22) - Clicked on Month
 INFO [2024-08-01 10:43:25,359] (%D:22) - Clicked on Date
 INFO [2024-08-01 10:43:25,541] (%D:22) - Clicked on complianceDetails
 INFO [2024-08-01 10:43:25,798] (%D:22) - Text Entered into Driver Licence
 INFO [2024-08-01 10:43:27,923] (%D:22) - Clicked on Driver Licence Calendar Button
 INFO [2024-08-01 10:43:29,016] (%D:22) - Clicked on Driver Licence Calendar Arrow
 INFO [2024-08-01 10:43:30,131] (%D:22) - Clicked on Year
 INFO [2024-08-01 10:43:31,269] (%D:22) - Clicked on Month
 INFO [2024-08-01 10:43:32,398] (%D:22) - Clicked on Date
 INFO [2024-08-01 10:43:32,610] (%D:22) - Text Entered into Gun Licence
 INFO [2024-08-01 10:43:34,771] (%D:22) - Clicked on Gun Licence Calendar Button
 INFO [2024-08-01 10:43:35,884] (%D:22) - Clicked on Gun Licence Calendar Arrow
 INFO [2024-08-01 10:43:37,059] (%D:22) - Clicked on Year
 INFO [2024-08-01 10:43:38,178] (%D:22) - Clicked on Month
 INFO [2024-08-01 10:43:39,304] (%D:22) - Clicked on Date
 INFO [2024-08-01 10:43:39,489] (%D:22) - Clicked on Equipment Details
 INFO [2024-08-01 10:43:43,691] (%D:22) - Clicked on Contract Details
 INFO [2024-08-01 10:43:46,280] (%D:22) - Clicked on Contract Start Calendar Button
 INFO [2024-08-01 10:43:47,509] (%D:22) - Clicked on Contract Start Calendar Arrow
 INFO [2024-08-01 10:43:48,608] (%D:22) - Clicked on Year
 INFO [2024-08-01 10:43:49,701] (%D:22) - Clicked on Month
 INFO [2024-08-01 10:43:50,863] (%D:22) - Clicked on Date
 INFO [2024-08-01 10:43:52,976] (%D:22) - Clicked on Contract End Calendar Button
 INFO [2024-08-01 10:43:54,042] (%D:22) - Clicked on Contract End Calendar Arrow
 INFO [2024-08-01 10:43:55,123] (%D:22) - Clicked on Year
 INFO [2024-08-01 10:43:56,214] (%D:22) - Clicked on Month
 INFO [2024-08-01 10:43:57,324] (%D:22) - Clicked on Date
 INFO [2024-08-01 10:44:02,910] (%D:22) - Clicked on Save
 INFO [2024-08-01 10:44:04,941] (%D:22) - New employee is not created with duplicate data
 INFO [2024-08-01 10:44:04,957] (%D:17) - $$$$$$$$$$$$$$$$$$$$$$$$$$$$$$$$---END---$$$$$$$$$$$$$$$$$$$$$$$$$$$$$$$$$$$$$$$$$$$$$$
 INFO [2024-08-01 10:44:04,957] (%D:18) -     
 INFO [2024-08-01 11:06:48,084] (%D:10) - **********************************************************************************************
 INFO [2024-08-01 11:06:48,102] (%D:11) - $$$$$$$$$$$$$$$$$$$$$$$$$$$$$$$$Verify Add New Employee functionality as Manager      $$$$$$$$$$$$$$$$$$$$$$$$$$$$$$$$$$$$$$$$$$$$$$
 INFO [2024-08-01 11:06:48,103] (%D:12) - ***********************************************************************************************
 INFO [2024-08-01 11:06:56,946] (%D:22) - Clicked on clicked
 INFO [2024-08-01 11:06:57,134] (%D:22) - Text Entered into Enter Email id
 INFO [2024-08-01 11:06:57,284] (%D:22) - Clicked on clicked
 INFO [2024-08-01 11:06:57,382] (%D:22) - Text Entered into Enter password
 INFO [2024-08-01 11:06:57,472] (%D:22) - Clicked on Login
 INFO [2024-08-01 11:07:00,494] (%D:22) - User navigated to Homepage
 INFO [2024-08-01 11:07:05,734] (%D:22) - Clicked on Employees
 INFO [2024-08-01 11:07:06,213] (%D:22) - Clicked on Add New Employee
 INFO [2024-08-01 11:07:06,215] (%D:22) - Generated Alphanumeric values
 INFO [2024-08-01 11:07:06,215] (%D:22) - Generated Alphanumeric values
 INFO [2024-08-01 11:07:06,216] (%D:22) - Generated Alphanumeric values
 INFO [2024-08-01 11:07:06,216] (%D:22) - Generated Alphanumeric values
 INFO [2024-08-01 11:07:06,216] (%D:22) - Generated Alphanumeric values
 INFO [2024-08-01 11:07:06,216] (%D:22) - Generated Alphanumeric values
 INFO [2024-08-01 11:07:06,217] (%D:22) - Generated Alphanumeric values
 INFO [2024-08-01 11:07:06,218] (%D:22) - Generated Alphanumeric values
 INFO [2024-08-01 11:07:06,218] (%D:22) - Generated Alphanumeric values
 INFO [2024-08-01 11:07:06,218] (%D:22) - Generated Alphanumeric values
 INFO [2024-08-01 11:07:06,219] (%D:22) - Generated Alphanumeric values
 INFO [2024-08-01 11:07:06,219] (%D:22) - Generated Alphanumeric values
 INFO [2024-08-01 11:07:06,220] (%D:22) - Generated Alphanumeric values
 INFO [2024-08-01 11:07:06,220] (%D:22) - Generated Alphanumeric values
 INFO [2024-08-01 11:07:06,487] (%D:22) - Text Entered into First Name
 INFO [2024-08-01 11:07:06,731] (%D:22) - Text Entered into Last Name
 INFO [2024-08-01 11:07:06,928] (%D:22) - Text Entered into Mobile Number
 INFO [2024-08-01 11:07:07,163] (%D:22) - Text Entered into other Contact Number
 INFO [2024-08-01 11:07:07,479] (%D:22) - Text Entered into Email Address
 INFO [2024-08-01 11:07:07,698] (%D:22) - Text Entered into job Title
 INFO [2024-08-01 11:07:11,146] (%D:22) - Text Entered into Passport Number
 INFO [2024-08-01 11:07:11,563] (%D:22) - Text Entered into SA ID
 INFO [2024-08-01 11:07:11,699] (%D:22) - Clicked on Employee Residential Address Details
 INFO [2024-08-01 11:07:11,872] (%D:22) - Text Entered into Postal Code
 INFO [2024-08-01 11:07:12,292] (%D:22) - Text Entered into Postal Code
 INFO [2024-08-01 11:07:12,448] (%D:22) - Clicked on Emergency Contact Details
 INFO [2024-08-01 11:07:12,650] (%D:22) - Text Entered into First Name
 INFO [2024-08-01 11:07:12,842] (%D:22) - Text Entered into Last Name
 INFO [2024-08-01 11:07:13,011] (%D:22) - Text Entered into Mobile Number
 INFO [2024-08-01 11:07:13,190] (%D:22) - Text Entered into Other Contact Number
 INFO [2024-08-01 11:07:13,430] (%D:22) - Text Entered into Email Address
 INFO [2024-08-01 11:07:13,573] (%D:22) - Text Entered into Postal Code
 INFO [2024-08-01 11:07:13,686] (%D:22) - Clicked on Next of Kin Details
 INFO [2024-08-01 11:07:13,883] (%D:22) - Text Entered into First Name
 INFO [2024-08-01 11:07:14,081] (%D:22) - Text Entered into Last Name
 INFO [2024-08-01 11:07:14,265] (%D:22) - Text Entered into Mobile Number
 INFO [2024-08-01 11:07:14,465] (%D:22) - Text Entered into Relationship
 INFO [2024-08-01 11:07:14,590] (%D:22) - Clicked on Security Details
 INFO [2024-08-01 11:07:14,767] (%D:22) - Text Entered into Security Licence Number
 INFO [2024-08-01 11:07:15,171] (%D:22) - Text Entered into First Aid CPR
 INFO [2024-08-01 11:07:15,273] (%D:22) - Clicked on Compliance/Training/Certification Details
 INFO [2024-08-01 11:07:15,484] (%D:22) - Text Entered into Driver Licence
 INFO [2024-08-01 11:07:15,688] (%D:22) - Text Entered into Gun Licence
 INFO [2024-08-01 11:07:15,789] (%D:22) - Clicked on First Name
 INFO [2024-08-01 11:07:15,829] (%D:22) - Give Correct Name element is visible
 INFO [2024-08-01 11:07:15,843] (%D:22) - Give Corret Name element is visible
 INFO [2024-08-01 11:07:15,852] (%D:22) - Give Correct Mobile Number is visible
 INFO [2024-08-01 11:07:15,866] (%D:22) - Give Correct Number element is visible
 INFO [2024-08-01 11:07:15,877] (%D:22) - Invalid Email Format. element is visible
 INFO [2024-08-01 11:07:16,072] (%D:22) - Give Valid Passport Number element is visible
 INFO [2024-08-01 11:07:16,272] (%D:22) - Give Correct SA_ID element is visible
 INFO [2024-08-01 11:07:16,289] (%D:22) - Give Correct Postal Code element is visible
 INFO [2024-08-01 11:07:16,306] (%D:22) - Give Correct Postal Code element is visible
 INFO [2024-08-01 11:07:16,322] (%D:22) - Give Correct Name element is visible
 INFO [2024-08-01 11:07:16,322] (%D:22) - Give Correct Name element is visible
 INFO [2024-08-01 11:07:16,338] (%D:22) - Give Correct Mobile Number is visible
 INFO [2024-08-01 11:07:16,355] (%D:22) - Give Correct Number is visible
 INFO [2024-08-01 11:07:16,355] (%D:22) - Invalid email format. is visible
 INFO [2024-08-01 11:07:16,372] (%D:22) - Give Correct Postal Code is visible
 INFO [2024-08-01 11:07:16,388] (%D:22) - Give Correct Name element is visible
 INFO [2024-08-01 11:07:16,422] (%D:22) - Give Correct Name element is visible
 INFO [2024-08-01 11:07:16,440] (%D:22) - Give Correct Mobile Number element is visible
 INFO [2024-08-01 11:07:16,440] (%D:22) - Give Correct Name element is visible
 INFO [2024-08-01 11:07:16,457] (%D:22) - Give Correct Licence Number element is visible
 INFO [2024-08-01 11:07:16,475] (%D:22) - Give Correct Details element is visible
 INFO [2024-08-01 11:07:16,487] (%D:22) - Give Valid Driving Licence Number
 INFO [2024-08-01 11:07:16,492] (%D:22) - Give Valid Gun Licence Number element is visible
 INFO [2024-08-01 11:07:16,649] (%D:22) - Clicked on Cancel Button
 INFO [2024-08-01 11:07:16,795] (%D:22) - Clicked on Add New Employee
 INFO [2024-08-01 11:07:16,795] (%D:22) - Generates Random Alphabets
 INFO [2024-08-01 11:07:16,795] (%D:22) - Generates Random Alphabets
 INFO [2024-08-01 11:07:16,795] (%D:22) - Generates Random Numbers
 INFO [2024-08-01 11:07:16,795] (%D:22) - Generates Random Numbers
 INFO [2024-08-01 11:07:16,795] (%D:22) - Generates Random Alphabets
 INFO [2024-08-01 11:07:16,795] (%D:22) - Generates Random Numbers
 INFO [2024-08-01 11:07:16,795] (%D:22) - Generates Random Numbers
 INFO [2024-08-01 11:07:16,805] (%D:22) - Generates Random Alphabets
 INFO [2024-08-01 11:07:16,806] (%D:22) - Generates Random Alphabets
 INFO [2024-08-01 11:07:16,806] (%D:22) - Generates Random Numbers
 INFO [2024-08-01 11:07:16,809] (%D:22) - Generates Random Alphabets
 INFO [2024-08-01 11:07:16,809] (%D:22) - Generates Random Numbers
 INFO [2024-08-01 11:07:16,809] (%D:22) - Generates Random Numbers
 INFO [2024-08-01 11:07:16,988] (%D:22) - Text Entered into First Name
 INFO [2024-08-01 11:07:17,172] (%D:22) - Text Entered into Last Name
 INFO [2024-08-01 11:07:17,325] (%D:22) - Text Entered into Mobile Number
 INFO [2024-08-01 11:07:17,477] (%D:22) - Text Entered into Other Contact Number
 INFO [2024-08-01 11:07:17,654] (%D:22) - Text Entered into Job Title
 INFO [2024-08-01 11:07:18,040] (%D:22) - Text Entered into Passport Number
 INFO [2024-08-01 11:07:18,403] (%D:22) - Text Entered into SA ID
 INFO [2024-08-01 11:07:18,537] (%D:22) - Clicked on Employee Residential Details
 INFO [2024-08-01 11:07:18,874] (%D:22) - Text Entered into Street1
 INFO [2024-08-01 11:07:19,206] (%D:22) - Text Entered into Street2
 INFO [2024-08-01 11:07:19,329] (%D:22) - Text Entered into Postal Code
 INFO [2024-08-01 11:07:19,458] (%D:22) - Clicked on Postal Address Details
 INFO [2024-08-01 11:07:19,813] (%D:22) - Text Entered into Street1
 INFO [2024-08-01 11:07:20,128] (%D:22) - Text Entered into Street2
 INFO [2024-08-01 11:07:20,264] (%D:22) - Text Entered into Postal Code
 INFO [2024-08-01 11:07:20,397] (%D:22) - Clicked on Emergency Contact Details
 INFO [2024-08-01 11:07:20,629] (%D:22) - Text Entered into First Name
 INFO [2024-08-01 11:07:20,822] (%D:22) - Text Entered into Last Name
 INFO [2024-08-01 11:07:20,992] (%D:22) - Text Entered into Mobile Number
 INFO [2024-08-01 11:07:21,185] (%D:22) - Text Entered into Other Contact Number
 INFO [2024-08-01 11:07:21,543] (%D:22) - Text Entered into Street1
 INFO [2024-08-01 11:07:21,892] (%D:22) - Text Entered into Street2
 INFO [2024-08-01 11:07:22,030] (%D:22) - Text Entered into Postal Code
 INFO [2024-08-01 11:07:22,130] (%D:22) - Clicked on Kin Details
 INFO [2024-08-01 11:07:22,334] (%D:22) - Text Entered into First Name
 INFO [2024-08-01 11:07:22,534] (%D:22) - Text Entered into Last Name
 INFO [2024-08-01 11:07:22,700] (%D:22) - Text Entered into Mobile Number
 INFO [2024-08-01 11:07:22,900] (%D:22) - Text Entered into Relationship
 INFO [2024-08-01 11:07:22,998] (%D:22) - Clicked on Compliance Details
 INFO [2024-08-01 11:07:23,199] (%D:22) - Text Entered into Driver Licence
 INFO [2024-08-01 11:07:23,369] (%D:22) - Text Entered into Gun Licence
 INFO [2024-08-01 11:07:23,466] (%D:22) - Clicked on First Name
 INFO [2024-08-01 11:07:23,521] (%D:22) - Maximum 25 Characters Allowed. element is visible
 INFO [2024-08-01 11:07:23,531] (%D:22) - Maximum 25 Characters Allowed. element is visible
 INFO [2024-08-01 11:07:23,541] (%D:22) - Give Correct Mobile Number element is visible
 INFO [2024-08-01 11:07:23,554] (%D:22) - Give Correct Number element is visible
 INFO [2024-08-01 11:07:23,566] (%D:22) - Max 25 Characters Allowed element is visible
 INFO [2024-08-01 11:07:26,815] (%D:22) - Give Valid Passport Number element is visible
 INFO [2024-08-01 11:07:26,996] (%D:22) - Give Correct SA_ID element is visible
 INFO [2024-08-01 11:07:26,996] (%D:22) - Maximum 100 Characters Allowed. element is visible
 INFO [2024-08-01 11:07:27,016] (%D:22) - Maximum 100 characters allowed. element is visible
 INFO [2024-08-01 11:07:27,030] (%D:22) - Give Correct Postal Code elemnt is visible
 INFO [2024-08-01 11:07:27,046] (%D:22) - Maximum 100 characters allowed. element is visible
 INFO [2024-08-01 11:07:27,046] (%D:22) - Maximum 100 characters allowed. element is visible
 INFO [2024-08-01 11:07:27,062] (%D:22) - Give Correct Postal Code element is visible
 INFO [2024-08-01 11:07:27,079] (%D:22) - Maximum 25 characters Allowed. element is visible
 INFO [2024-08-01 11:07:27,096] (%D:22) - Maximum 25 characters Allowed. element is visible
 INFO [2024-08-01 11:07:27,096] (%D:22) - Give Correct Mobile Number element is visible
 INFO [2024-08-01 11:07:27,115] (%D:22) - Give Correct Number element is visible
 INFO [2024-08-01 11:07:27,129] (%D:22) - Maximum 100 characters allowed. element is visible
 INFO [2024-08-01 11:07:27,146] (%D:22) - Maximum 100 characters allowed. element is visible
 INFO [2024-08-01 11:07:27,146] (%D:22) - Give Correct Postal Code element is visible
 INFO [2024-08-01 11:07:27,162] (%D:22) - Maximum 25 characters allowed. element is visible
 INFO [2024-08-01 11:07:27,181] (%D:22) - Maximum 25 characters allowed. element is visible
 INFO [2024-08-01 11:07:27,182] (%D:22) - Give Correct Mobile Number element is visible
 INFO [2024-08-01 11:07:27,196] (%D:22) - Maximum 25 characters allowed. element is visible
 INFO [2024-08-01 11:07:27,196] (%D:22) - Give Valid Driving Licence Number element is visible
 INFO [2024-08-01 11:07:27,215] (%D:22) - Give Valid Gun Licence Number element is visible
 INFO [2024-08-01 11:07:27,355] (%D:22) - Clicked on Cancel Button
 INFO [2024-08-01 11:07:27,482] (%D:22) - Clicked on Add New Employee
 INFO [2024-08-01 11:07:27,579] (%D:22) - Clicked on Save Button
 INFO [2024-08-01 11:07:27,585] (%D:22) - New Employee not created
 INFO [2024-08-01 11:07:27,721] (%D:22) - Clicked on Cancel Button
 INFO [2024-08-01 11:07:27,839] (%D:22) - Clicked on Add New Employee
 INFO [2024-08-01 11:07:28,116] (%D:22) - Text Entered into First Name
 INFO [2024-08-01 11:07:28,261] (%D:22) - Text Entered into lastName
 INFO [2024-08-01 11:07:28,463] (%D:22) - Clicked on Country Code
 INFO [2024-08-01 11:07:30,851] (%D:22) - Text Entered into Mobile Number
 INFO [2024-08-01 11:07:30,992] (%D:22) - Text Entered into Other Contact Number
 INFO [2024-08-01 11:07:31,176] (%D:22) - Text Entered into email Address
 INFO [2024-08-01 11:07:31,307] (%D:22) - Text Entered into job Title
 INFO [2024-08-01 11:07:33,939] (%D:22) - Clicked on Birthday Calendar Button
 INFO [2024-08-01 11:07:35,129] (%D:22) - Clicked on Birthday Calendar Arrow
 INFO [2024-08-01 11:07:36,294] (%D:22) - Clicked on Year
 INFO [2024-08-01 11:07:37,528] (%D:22) - Clicked on Month
 INFO [2024-08-01 11:07:38,664] (%D:22) - Clicked on Date
 INFO [2024-08-01 11:07:42,507] (%D:22) - Text Entered into Passport Number
 INFO [2024-08-01 11:07:45,672] (%D:22) - Clicked on Passport Calendar Button
 INFO [2024-08-01 11:07:46,816] (%D:22) - Clicked on Passport Calendar Arrow
 INFO [2024-08-01 11:07:47,975] (%D:22) - Clicked on Year
 INFO [2024-08-01 11:07:49,101] (%D:22) - Clicked on Month
 INFO [2024-08-01 11:07:50,254] (%D:22) - Clicked on Date
 INFO [2024-08-01 11:07:52,746] (%D:22) - Text Entered into SA ID
 INFO [2024-08-01 11:07:55,882] (%D:22) - Clicked on Employee Residential Details
 INFO [2024-08-01 11:07:55,980] (%D:22) - Clicked on Employee Residential Details
 INFO [2024-08-01 11:07:56,212] (%D:22) - Text Entered into Street1
 INFO [2024-08-01 11:07:56,457] (%D:22) - Text Entered into Street2
 INFO [2024-08-01 11:07:57,548] (%D:22) - Province is auto-populated
 INFO [2024-08-01 11:07:57,688] (%D:22) - Text Entered into Postal Code
 INFO [2024-08-01 11:07:58,322] (%D:22) - Clicked on Postal Address Details
 INFO [2024-08-01 11:07:58,590] (%D:22) - Text Entered into Street1
 INFO [2024-08-01 11:07:58,835] (%D:22) - Text Entered into Street2
 INFO [2024-08-01 11:07:59,296] (%D:22) - Province is auto-populated
 INFO [2024-08-01 11:07:59,434] (%D:22) - Text Entered into Postal Code
 INFO [2024-08-01 11:07:59,963] (%D:22) - Clicked on  Next Of Kin Details
 INFO [2024-08-01 11:08:00,138] (%D:22) - Text Entered into First Name
 INFO [2024-08-01 11:08:00,338] (%D:22) - Text Entered into Last Name
 INFO [2024-08-01 11:08:00,548] (%D:22) - Text Entered into Mobile Number
 INFO [2024-08-01 11:08:00,715] (%D:22) - Text Entered into Relationship
 INFO [2024-08-01 11:08:00,838] (%D:22) - Clicked on Emergency Contact Details
 INFO [2024-08-01 11:08:01,007] (%D:22) - Text Entered into First Name
 INFO [2024-08-01 11:08:01,164] (%D:22) - Text Entered into Last Name
 INFO [2024-08-01 11:08:01,322] (%D:22) - Text Entered into Mobile Number
 INFO [2024-08-01 11:08:01,516] (%D:22) - Text Entered into Other Contact Number
 INFO [2024-08-01 11:08:01,691] (%D:22) - Text Entered into email Address
 INFO [2024-08-01 11:08:02,057] (%D:22) - Text Entered into Street1
 INFO [2024-08-01 11:08:02,159] (%D:22) - Text Entered into Street2
 INFO [2024-08-01 11:08:02,645] (%D:22) - Province is auto-populated
 INFO [2024-08-01 11:08:02,826] (%D:22) - Text Entered into Postal Code
 INFO [2024-08-01 11:08:08,395] (%D:22) - Clicked on Security Details
 INFO [2024-08-01 11:08:08,576] (%D:22) - Text Entered into Security Licence Number
 INFO [2024-08-01 11:08:10,790] (%D:22) - Clicked on Security Calendar Button
 INFO [2024-08-01 11:08:11,913] (%D:22) - Clicked on Security Calendar Arrow
 INFO [2024-08-01 11:08:13,027] (%D:22) - Clicked on Year
 INFO [2024-08-01 11:08:14,165] (%D:22) - Clicked on Month
 INFO [2024-08-01 11:08:15,288] (%D:22) - Clicked on Date
 INFO [2024-08-01 11:08:15,424] (%D:22) - Clicked on First Aid Details
 INFO [2024-08-01 11:08:15,575] (%D:22) - Text Entered into First Aid CPR
 INFO [2024-08-01 11:08:17,819] (%D:22) - Clicked on First Aid Calendar Button
 INFO [2024-08-01 11:08:19,010] (%D:22) - Clicked on First Aid Calendar Arrow
 INFO [2024-08-01 11:08:20,139] (%D:22) - Clicked on Year
 INFO [2024-08-01 11:08:21,344] (%D:22) - Clicked on Month
 INFO [2024-08-01 11:08:22,450] (%D:22) - Clicked on Date
 INFO [2024-08-01 11:08:22,625] (%D:22) - Clicked on complianceDetails
 INFO [2024-08-01 11:08:22,822] (%D:22) - Text Entered into Driver Licence
 INFO [2024-08-01 11:08:24,973] (%D:22) - Clicked on Driver Licence Calendar Button
 INFO [2024-08-01 11:08:26,164] (%D:22) - Clicked on Driver Licence Calendar Arrow
 INFO [2024-08-01 11:08:27,269] (%D:22) - Clicked on Year
 INFO [2024-08-01 11:08:28,395] (%D:22) - Clicked on Month
 INFO [2024-08-01 11:08:29,508] (%D:22) - Clicked on Date
 INFO [2024-08-01 11:08:29,704] (%D:22) - Text Entered into Gun Licence
 INFO [2024-08-01 11:08:31,848] (%D:22) - Clicked on Gun Licence Calendar Button
 INFO [2024-08-01 11:08:33,049] (%D:22) - Clicked on Gun Licence Calendar Arrow
 INFO [2024-08-01 11:08:34,230] (%D:22) - Clicked on Year
 INFO [2024-08-01 11:08:35,324] (%D:22) - Clicked on Month
 INFO [2024-08-01 11:08:36,415] (%D:22) - Clicked on Date
 INFO [2024-08-01 11:08:36,605] (%D:22) - Clicked on Equipment Details
 INFO [2024-08-01 11:08:40,929] (%D:22) - Clicked on Contract Details
 INFO [2024-08-01 11:08:43,532] (%D:22) - Clicked on Contract Start Calendar Button
 INFO [2024-08-01 11:08:44,727] (%D:22) - Clicked on Contract Start Calendar Arrow
 INFO [2024-08-01 11:08:45,875] (%D:22) - Clicked on Year
 INFO [2024-08-01 11:08:46,964] (%D:22) - Clicked on Month
 INFO [2024-08-01 11:08:48,069] (%D:22) - Clicked on Date
 INFO [2024-08-01 11:08:50,249] (%D:22) - Clicked on Contract End Calendar Button
 INFO [2024-08-01 11:08:51,331] (%D:22) - Clicked on Contract End Calendar Arrow
 INFO [2024-08-01 11:08:52,447] (%D:22) - Clicked on Year
 INFO [2024-08-01 11:08:53,551] (%D:22) - Clicked on Month
 INFO [2024-08-01 11:08:54,659] (%D:22) - Clicked on Date
 INFO [2024-08-01 11:09:00,390] (%D:22) - Clicked on Save
 INFO [2024-08-01 11:09:10,673] (%D:22) - Text Entered into Filter
 INFO [2024-08-01 11:09:10,724] (%D:22) - Text got from Filtered Data
 INFO [2024-08-01 11:09:10,724] (%D:22) - New Manager is created successfully
 INFO [2024-08-01 11:09:10,724] (%D:17) - $$$$$$$$$$$$$$$$$$$$$$$$$$$$$$$$---END---$$$$$$$$$$$$$$$$$$$$$$$$$$$$$$$$$$$$$$$$$$$$$$
 INFO [2024-08-01 11:09:10,724] (%D:18) -     
 INFO [2024-08-01 11:09:10,846] (%D:10) - **********************************************************************************************
 INFO [2024-08-01 11:09:10,846] (%D:11) - $$$$$$$$$$$$$$$$$$$$$$$$$$$$$$$$Verify Add New Employee functionality as Supervisor      $$$$$$$$$$$$$$$$$$$$$$$$$$$$$$$$$$$$$$$$$$$$$$
 INFO [2024-08-01 11:09:10,846] (%D:12) - ***********************************************************************************************
 INFO [2024-08-01 11:09:17,726] (%D:22) - Clicked on clicked
 INFO [2024-08-01 11:09:17,839] (%D:22) - Text Entered into Enter Email id
 INFO [2024-08-01 11:09:17,926] (%D:22) - Clicked on clicked
 INFO [2024-08-01 11:09:18,001] (%D:22) - Text Entered into Enter password
 INFO [2024-08-01 11:09:18,081] (%D:22) - Clicked on Login
 INFO [2024-08-01 11:09:21,117] (%D:22) - User navigated to Homepage
 INFO [2024-08-01 11:09:26,447] (%D:22) - Clicked on Employees
 INFO [2024-08-01 11:09:27,050] (%D:22) - Clicked on Add New Employee
 INFO [2024-08-01 11:09:37,348] (%D:22) - Text Entered into First Name
 INFO [2024-08-01 11:09:37,500] (%D:22) - Text Entered into lastName
 INFO [2024-08-01 11:09:37,645] (%D:22) - Clicked on Country Code
 INFO [2024-08-01 11:09:40,049] (%D:22) - Text Entered into Mobile Number
 INFO [2024-08-01 11:09:40,225] (%D:22) - Text Entered into Other Contact Number
 INFO [2024-08-01 11:09:40,414] (%D:22) - Text Entered into email Address
 INFO [2024-08-01 11:09:40,557] (%D:22) - Text Entered into job Title
 INFO [2024-08-01 11:09:43,796] (%D:22) - Clicked on Birthday Calendar Button
 INFO [2024-08-01 11:09:44,927] (%D:22) - Clicked on Birthday Calendar Arrow
 INFO [2024-08-01 11:09:46,040] (%D:22) - Clicked on Year
 INFO [2024-08-01 11:09:47,248] (%D:22) - Clicked on Month
 INFO [2024-08-01 11:09:48,412] (%D:22) - Clicked on Date
 INFO [2024-08-01 11:09:51,769] (%D:22) - Text Entered into Passport Number
 INFO [2024-08-01 11:09:54,925] (%D:22) - Clicked on Passport Calendar Button
 INFO [2024-08-01 11:09:56,075] (%D:22) - Clicked on Passport Calendar Arrow
 INFO [2024-08-01 11:09:57,203] (%D:22) - Clicked on Year
 INFO [2024-08-01 11:09:58,346] (%D:22) - Clicked on Month
 INFO [2024-08-01 11:09:59,548] (%D:22) - Clicked on Date
 INFO [2024-08-01 11:10:01,944] (%D:22) - Text Entered into SA ID
 INFO [2024-08-01 11:10:02,038] (%D:22) - Clicked on Employee Residential Details
 INFO [2024-08-01 11:10:02,147] (%D:22) - Clicked on Employee Residential Details
 INFO [2024-08-01 11:10:02,454] (%D:22) - Text Entered into Street1
 INFO [2024-08-01 11:10:02,728] (%D:22) - Text Entered into Street2
 INFO [2024-08-01 11:10:03,223] (%D:22) - Province is auto-populated
 INFO [2024-08-01 11:10:03,393] (%D:22) - Text Entered into Postal Code
 INFO [2024-08-01 11:10:03,937] (%D:22) - Clicked on Postal Address Details
 INFO [2024-08-01 11:10:04,277] (%D:22) - Text Entered into Street1
 INFO [2024-08-01 11:10:04,547] (%D:22) - Text Entered into Street2
 INFO [2024-08-01 11:10:05,027] (%D:22) - Province is auto-populated
 INFO [2024-08-01 11:10:05,218] (%D:22) - Text Entered into Postal Code
 INFO [2024-08-01 11:10:05,788] (%D:22) - Clicked on  Next Of Kin Details
 INFO [2024-08-01 11:10:05,951] (%D:22) - Text Entered into First Name
 INFO [2024-08-01 11:10:06,124] (%D:22) - Text Entered into Last Name
 INFO [2024-08-01 11:10:06,274] (%D:22) - Text Entered into Mobile Number
 INFO [2024-08-01 11:10:06,434] (%D:22) - Text Entered into Relationship
 INFO [2024-08-01 11:10:06,573] (%D:22) - Clicked on Emergency Contact Details
 INFO [2024-08-01 11:10:06,750] (%D:22) - Text Entered into First Name
 INFO [2024-08-01 11:10:06,917] (%D:22) - Text Entered into Last Name
 INFO [2024-08-01 11:10:07,085] (%D:22) - Text Entered into Mobile Number
 INFO [2024-08-01 11:10:07,255] (%D:22) - Text Entered into Other Contact Number
 INFO [2024-08-01 11:10:07,416] (%D:22) - Text Entered into email Address
 INFO [2024-08-01 11:10:07,782] (%D:22) - Text Entered into Street1
 INFO [2024-08-01 11:10:07,899] (%D:22) - Text Entered into Street2
 INFO [2024-08-01 11:10:08,349] (%D:22) - Province is auto-populated
 INFO [2024-08-01 11:10:08,513] (%D:22) - Text Entered into Postal Code
 INFO [2024-08-01 11:10:09,013] (%D:22) - Clicked on Security Details
 INFO [2024-08-01 11:10:09,215] (%D:22) - Text Entered into Security Licence Number
 INFO [2024-08-01 11:10:12,377] (%D:22) - Clicked on Security Calendar Button
 INFO [2024-08-01 11:10:13,540] (%D:22) - Clicked on Security Calendar Arrow
 INFO [2024-08-01 11:10:14,658] (%D:22) - Clicked on Year
 INFO [2024-08-01 11:10:15,817] (%D:22) - Clicked on Month
 INFO [2024-08-01 11:10:16,977] (%D:22) - Clicked on Date
 INFO [2024-08-01 11:10:17,178] (%D:22) - Clicked on First Aid Details
 INFO [2024-08-01 11:10:17,337] (%D:22) - Text Entered into First Aid CPR
 INFO [2024-08-01 11:10:19,563] (%D:22) - Clicked on First Aid Calendar Button
 INFO [2024-08-01 11:10:20,690] (%D:22) - Clicked on First Aid Calendar Arrow
 INFO [2024-08-01 11:10:21,787] (%D:22) - Clicked on Year
 INFO [2024-08-01 11:10:22,982] (%D:22) - Clicked on Month
 INFO [2024-08-01 11:10:24,115] (%D:22) - Clicked on Date
 INFO [2024-08-01 11:10:24,301] (%D:22) - Clicked on complianceDetails
 INFO [2024-08-01 11:10:24,481] (%D:22) - Text Entered into Driver Licence
 INFO [2024-08-01 11:10:26,656] (%D:22) - Clicked on Driver Licence Calendar Button
 INFO [2024-08-01 11:10:27,834] (%D:22) - Clicked on Driver Licence Calendar Arrow
 INFO [2024-08-01 11:10:28,919] (%D:22) - Clicked on Year
 INFO [2024-08-01 11:10:30,060] (%D:22) - Clicked on Month
 INFO [2024-08-01 11:10:31,152] (%D:22) - Clicked on Date
 INFO [2024-08-01 11:10:31,339] (%D:22) - Text Entered into Gun Licence
 INFO [2024-08-01 11:10:33,539] (%D:22) - Clicked on Gun Licence Calendar Button
 INFO [2024-08-01 11:10:34,731] (%D:22) - Clicked on Gun Licence Calendar Arrow
 INFO [2024-08-01 11:10:35,831] (%D:22) - Clicked on Year
 INFO [2024-08-01 11:10:36,948] (%D:22) - Clicked on Month
 INFO [2024-08-01 11:10:38,030] (%D:22) - Clicked on Date
 INFO [2024-08-01 11:10:38,181] (%D:22) - Clicked on Equipment Details
 INFO [2024-08-01 11:10:42,473] (%D:22) - Clicked on Contract Details
 INFO [2024-08-01 11:10:45,116] (%D:22) - Clicked on Contract Start Calendar Button
 INFO [2024-08-01 11:10:46,223] (%D:22) - Clicked on Contract Start Calendar Arrow
 INFO [2024-08-01 11:10:47,337] (%D:22) - Clicked on Year
 INFO [2024-08-01 11:10:48,509] (%D:22) - Clicked on Month
 INFO [2024-08-01 11:10:49,598] (%D:22) - Clicked on Date
 INFO [2024-08-01 11:11:05,558] (%D:22) - Clicked on Save
 INFO [2024-08-01 11:11:13,823] (%D:22) - Text Entered into Filter
 INFO [2024-08-01 11:11:13,873] (%D:22) - Text got from Filtered Data
 INFO [2024-08-01 11:11:13,874] (%D:22) - New Supervisor is created successfully
 INFO [2024-08-01 11:11:13,874] (%D:17) - $$$$$$$$$$$$$$$$$$$$$$$$$$$$$$$$---END---$$$$$$$$$$$$$$$$$$$$$$$$$$$$$$$$$$$$$$$$$$$$$$
 INFO [2024-08-01 11:11:13,874] (%D:18) -     
 INFO [2024-08-01 11:11:13,964] (%D:10) - **********************************************************************************************
 INFO [2024-08-01 11:11:13,964] (%D:11) - $$$$$$$$$$$$$$$$$$$$$$$$$$$$$$$$Verify Add New Employee functionality as Employee      $$$$$$$$$$$$$$$$$$$$$$$$$$$$$$$$$$$$$$$$$$$$$$
 INFO [2024-08-01 11:11:13,964] (%D:12) - ***********************************************************************************************
 INFO [2024-08-01 11:11:20,841] (%D:22) - Clicked on clicked
 INFO [2024-08-01 11:11:20,951] (%D:22) - Text Entered into Enter Email id
 INFO [2024-08-01 11:11:21,033] (%D:22) - Clicked on clicked
 INFO [2024-08-01 11:11:21,111] (%D:22) - Text Entered into Enter password
 INFO [2024-08-01 11:11:21,187] (%D:22) - Clicked on Login
 INFO [2024-08-01 11:11:24,253] (%D:22) - User navigated to Homepage
 INFO [2024-08-01 11:11:29,475] (%D:22) - Clicked on Employees
 INFO [2024-08-01 11:11:29,812] (%D:22) - Clicked on Add New Employee
 INFO [2024-08-01 11:11:40,030] (%D:22) - Text Entered into First Name
 INFO [2024-08-01 11:11:40,183] (%D:22) - Text Entered into lastName
 INFO [2024-08-01 11:11:40,322] (%D:22) - Clicked on Country Code
 INFO [2024-08-01 11:11:42,738] (%D:22) - Text Entered into Mobile Number
 INFO [2024-08-01 11:11:42,915] (%D:22) - Text Entered into Other Contact Number
 INFO [2024-08-01 11:11:43,113] (%D:22) - Text Entered into email Address
 INFO [2024-08-01 11:11:43,259] (%D:22) - Text Entered into job Title
 INFO [2024-08-01 11:11:48,442] (%D:22) - Clicked on Birthday Calendar Button
 INFO [2024-08-01 11:11:49,597] (%D:22) - Clicked on Birthday Calendar Arrow
 INFO [2024-08-01 11:11:50,717] (%D:22) - Clicked on Year
 INFO [2024-08-01 11:11:51,857] (%D:22) - Clicked on Month
 INFO [2024-08-01 11:11:52,937] (%D:22) - Clicked on Date
 INFO [2024-08-01 11:11:56,285] (%D:22) - Text Entered into Passport Number
 INFO [2024-08-01 11:11:58,458] (%D:22) - Clicked on Passport Calendar Button
 INFO [2024-08-01 11:11:59,691] (%D:22) - Clicked on Passport Calendar Arrow
 INFO [2024-08-01 11:12:00,853] (%D:22) - Clicked on Year
 INFO [2024-08-01 11:12:01,983] (%D:22) - Clicked on Month
 INFO [2024-08-01 11:12:03,120] (%D:22) - Clicked on Date
 INFO [2024-08-01 11:12:05,523] (%D:22) - Text Entered into SA ID
 INFO [2024-08-01 11:12:08,630] (%D:22) - Clicked on Employee Residential Details
 INFO [2024-08-01 11:12:08,760] (%D:22) - Clicked on Employee Residential Details
 INFO [2024-08-01 11:12:09,005] (%D:22) - Text Entered into Street1
 INFO [2024-08-01 11:12:09,254] (%D:22) - Text Entered into Street2
 INFO [2024-08-01 11:12:09,770] (%D:22) - Province is auto-populated
 INFO [2024-08-01 11:12:09,902] (%D:22) - Text Entered into Postal Code
 INFO [2024-08-01 11:12:10,498] (%D:22) - Clicked on Postal Address Details
 INFO [2024-08-01 11:12:10,763] (%D:22) - Text Entered into Street1
 INFO [2024-08-01 11:12:11,046] (%D:22) - Text Entered into Street2
 INFO [2024-08-01 11:12:12,151] (%D:22) - Province is auto-populated
 INFO [2024-08-01 11:12:12,299] (%D:22) - Text Entered into Postal Code
 INFO [2024-08-01 11:12:12,824] (%D:22) - Clicked on  Next Of Kin Details
 INFO [2024-08-01 11:12:12,994] (%D:22) - Text Entered into First Name
 INFO [2024-08-01 11:12:13,164] (%D:22) - Text Entered into Last Name
 INFO [2024-08-01 11:12:13,356] (%D:22) - Text Entered into Mobile Number
 INFO [2024-08-01 11:12:13,513] (%D:22) - Text Entered into Relationship
 INFO [2024-08-01 11:12:13,655] (%D:22) - Clicked on Emergency Contact Details
 INFO [2024-08-01 11:12:13,812] (%D:22) - Text Entered into First Name
 INFO [2024-08-01 11:12:13,970] (%D:22) - Text Entered into Last Name
 INFO [2024-08-01 11:12:14,135] (%D:22) - Text Entered into Mobile Number
 INFO [2024-08-01 11:12:14,333] (%D:22) - Text Entered into Other Contact Number
 INFO [2024-08-01 11:12:14,545] (%D:22) - Text Entered into email Address
 INFO [2024-08-01 11:12:14,931] (%D:22) - Text Entered into Street1
 INFO [2024-08-01 11:12:15,042] (%D:22) - Text Entered into Street2
 INFO [2024-08-01 11:12:15,546] (%D:22) - Province is auto-populated
 INFO [2024-08-01 11:12:15,700] (%D:22) - Text Entered into Postal Code
 INFO [2024-08-01 11:12:16,243] (%D:22) - Clicked on Security Details
 INFO [2024-08-01 11:12:19,455] (%D:22) - Text Entered into Security Licence Number
 INFO [2024-08-01 11:12:21,608] (%D:22) - Clicked on Security Calendar Button
 INFO [2024-08-01 11:12:22,708] (%D:22) - Clicked on Security Calendar Arrow
 INFO [2024-08-01 11:12:23,816] (%D:22) - Clicked on Year
 INFO [2024-08-01 11:12:25,027] (%D:22) - Clicked on Month
 INFO [2024-08-01 11:12:26,152] (%D:22) - Clicked on Date
 INFO [2024-08-01 11:12:26,291] (%D:22) - Clicked on First Aid Details
 INFO [2024-08-01 11:12:29,458] (%D:22) - Text Entered into First Aid CPR
 INFO [2024-08-01 11:12:31,569] (%D:22) - Clicked on First Aid Calendar Button
 INFO [2024-08-01 11:12:32,706] (%D:22) - Clicked on First Aid Calendar Arrow
 INFO [2024-08-01 11:12:33,859] (%D:22) - Clicked on Year
 INFO [2024-08-01 11:12:35,018] (%D:22) - Clicked on Month
 INFO [2024-08-01 11:12:36,111] (%D:22) - Clicked on Date
 INFO [2024-08-01 11:12:36,245] (%D:22) - Clicked on complianceDetails
 INFO [2024-08-01 11:12:39,514] (%D:22) - Text Entered into Driver Licence
 INFO [2024-08-01 11:12:41,678] (%D:22) - Clicked on Driver Licence Calendar Button
 INFO [2024-08-01 11:12:42,808] (%D:22) - Clicked on Driver Licence Calendar Arrow
 INFO [2024-08-01 11:12:43,893] (%D:22) - Clicked on Year
 INFO [2024-08-01 11:12:45,030] (%D:22) - Clicked on Month
 INFO [2024-08-01 11:12:46,139] (%D:22) - Clicked on Date
 INFO [2024-08-01 11:12:46,343] (%D:22) - Text Entered into Gun Licence
 INFO [2024-08-01 11:12:48,479] (%D:22) - Clicked on Gun Licence Calendar Button
 INFO [2024-08-01 11:12:49,626] (%D:22) - Clicked on Gun Licence Calendar Arrow
 INFO [2024-08-01 11:12:50,816] (%D:22) - Clicked on Year
 INFO [2024-08-01 11:12:51,936] (%D:22) - Clicked on Month
 INFO [2024-08-01 11:12:53,007] (%D:22) - Clicked on Date
 INFO [2024-08-01 11:12:53,221] (%D:22) - Clicked on Equipment Details
 INFO [2024-08-01 11:12:58,713] (%D:22) - Clicked on Contract Details
 INFO [2024-08-01 11:13:01,308] (%D:22) - Clicked on Contract Start Calendar Button
 INFO [2024-08-01 11:13:01,409] (%D:22) - Clicked on Contract Start Calendar Arrow
 INFO [2024-08-01 11:13:02,509] (%D:22) - Clicked on Year
 INFO [2024-08-01 11:13:03,728] (%D:22) - Clicked on Month
 INFO [2024-08-01 11:13:04,813] (%D:22) - Clicked on Date
 INFO [2024-08-01 11:13:12,202] (%D:22) - Clicked on Parent Contact Name
 INFO [2024-08-01 11:13:20,624] (%D:22) - Clicked on Save
 INFO [2024-08-01 11:13:30,906] (%D:22) - Text Entered into Filter
 INFO [2024-08-01 11:13:30,955] (%D:22) - Text got from Filtered Data
 INFO [2024-08-01 11:13:30,955] (%D:22) - New Employee is created successfully
 INFO [2024-08-01 11:13:30,955] (%D:17) - $$$$$$$$$$$$$$$$$$$$$$$$$$$$$$$$---END---$$$$$$$$$$$$$$$$$$$$$$$$$$$$$$$$$$$$$$$$$$$$$$
 INFO [2024-08-01 11:13:30,955] (%D:18) -     
 INFO [2024-08-01 11:13:31,002] (%D:10) - **********************************************************************************************
 INFO [2024-08-01 11:13:31,002] (%D:11) - $$$$$$$$$$$$$$$$$$$$$$$$$$$$$$$$Verify the Active Employees and Inactive Employees filter functionality      $$$$$$$$$$$$$$$$$$$$$$$$$$$$$$$$$$$$$$$$$$$$$$
 INFO [2024-08-01 11:13:31,003] (%D:12) - ***********************************************************************************************
 INFO [2024-08-01 11:13:38,120] (%D:22) - Clicked on clicked
 INFO [2024-08-01 11:13:38,227] (%D:22) - Text Entered into Enter Email id
 INFO [2024-08-01 11:13:38,305] (%D:22) - Clicked on clicked
 INFO [2024-08-01 11:13:38,378] (%D:22) - Text Entered into Enter password
 INFO [2024-08-01 11:13:38,477] (%D:22) - Clicked on Login
 INFO [2024-08-01 11:13:41,510] (%D:22) - User navigated to Homepage
 INFO [2024-08-01 11:13:46,801] (%D:22) - Clicked on Employees
 INFO [2024-08-01 11:13:52,400] (%D:22) - Text Entered into Filters
 INFO [2024-08-01 11:13:52,433] (%D:22) - Text got from EmployeeID
 INFO [2024-08-01 11:13:52,485] (%D:22) - Text got from Filtered Data
 INFO [2024-08-01 11:13:52,485] (%D:22) - Filtered data is displayed
 INFO [2024-08-01 11:13:52,485] (%D:22) - Generated Alphanumeric values
 INFO [2024-08-01 11:13:52,659] (%D:22) - Text Entered into Filter
 INFO [2024-08-01 11:13:52,666] (%D:22) -  No data matching the filter message is displayed
 INFO [2024-08-01 11:13:55,954] (%D:22) - Text Entered into Filters
 INFO [2024-08-01 11:13:56,122] (%D:22) - Clicked on Manage Employee
 INFO [2024-08-01 11:13:59,215] (%D:22) - Clicked on Deactivate
 INFO [2024-08-01 11:14:02,332] (%D:22) - Clicked on Inactive Employees
 INFO [2024-08-01 11:14:07,575] (%D:22) - Text Entered into Filters
 INFO [2024-08-01 11:14:07,604] (%D:22) - Text got from Filtered Data
 INFO [2024-08-01 11:14:07,604] (%D:22) - Filtered data is displayed
 INFO [2024-08-01 11:14:07,604] (%D:22) - Generated Alphanumeric values
 INFO [2024-08-01 11:14:07,800] (%D:22) - Text Entered into Filter
 INFO [2024-08-01 11:14:07,814] (%D:22) -  No data matching the filter message is displayed
 INFO [2024-08-01 11:14:07,887] (%D:22) - Clicked on Items Dropdown
 INFO [2024-08-01 11:14:10,617] (%D:22) - Clicked on Items Dropdown Option
 INFO [2024-08-01 11:14:10,617] (%D:17) - $$$$$$$$$$$$$$$$$$$$$$$$$$$$$$$$---END---$$$$$$$$$$$$$$$$$$$$$$$$$$$$$$$$$$$$$$$$$$$$$$
 INFO [2024-08-01 11:14:10,617] (%D:18) -     
 INFO [2024-08-01 11:14:10,691] (%D:10) - **********************************************************************************************
 INFO [2024-08-01 11:14:10,692] (%D:11) - $$$$$$$$$$$$$$$$$$$$$$$$$$$$$$$$Verify the Manage Employees functionality of Active Employees and Inactive Employees      $$$$$$$$$$$$$$$$$$$$$$$$$$$$$$$$$$$$$$$$$$$$$$
 INFO [2024-08-01 11:14:10,692] (%D:12) - ***********************************************************************************************
 INFO [2024-08-01 11:14:17,707] (%D:22) - Clicked on clicked
 INFO [2024-08-01 11:14:17,824] (%D:22) - Text Entered into Enter Email id
 INFO [2024-08-01 11:14:17,909] (%D:22) - Clicked on clicked
 INFO [2024-08-01 11:14:18,017] (%D:22) - Text Entered into Enter password
 INFO [2024-08-01 11:14:18,122] (%D:22) - Clicked on Login
 INFO [2024-08-01 11:14:21,133] (%D:22) - User navigated to Homepage
 INFO [2024-08-01 11:14:26,392] (%D:22) - Clicked on Employees
 INFO [2024-08-01 11:14:31,904] (%D:22) - Text Entered into Filters
 INFO [2024-08-01 11:14:32,097] (%D:22) - Clicked on Manage Employee
 INFO [2024-08-01 11:14:32,097] (%D:22) - Generates Random Numbers
 INFO [2024-08-01 11:14:35,347] (%D:22) - Text Entered into Other Contact Number
 INFO [2024-08-01 11:14:40,483] (%D:22) - Clicked on Update
 INFO [2024-08-01 11:14:45,660] (%D:22) - Text Entered into Manager Name
 INFO [2024-08-01 11:14:45,789] (%D:22) - Clicked on Manage Employee
 INFO [2024-08-01 11:14:50,831] (%D:22) - Other Contact Number is updated
 INFO [2024-08-01 11:14:51,024] (%D:22) - Clicked on Deactivate Button
 INFO [2024-08-01 11:14:56,190] (%D:22) - Clicked on Inactive Employees
 INFO [2024-08-01 11:15:01,373] (%D:22) - Text Entered into Employee Name
 INFO [2024-08-01 11:15:01,421] (%D:22) - Text got from Filtered Data
 INFO [2024-08-01 11:15:01,421] (%D:22) - Employee is Deactivated
 INFO [2024-08-01 11:15:06,675] (%D:22) - Text Entered into Filters
 INFO [2024-08-01 11:15:06,813] (%D:22) - Clicked on Manage Employee
 INFO [2024-08-01 11:15:08,061] (%D:22) - Clicked on Activate Button
 INFO [2024-08-01 11:15:13,321] (%D:22) - Text Entered into Manager Name
 INFO [2024-08-01 11:15:13,352] (%D:22) - Text got from Filtered Data
 INFO [2024-08-01 11:15:13,352] (%D:22) - Employee is Activated
 INFO [2024-08-01 11:15:13,352] (%D:17) - $$$$$$$$$$$$$$$$$$$$$$$$$$$$$$$$---END---$$$$$$$$$$$$$$$$$$$$$$$$$$$$$$$$$$$$$$$$$$$$$$
 INFO [2024-08-01 11:15:13,352] (%D:18) -     
 INFO [2024-08-01 11:15:13,400] (%D:10) - **********************************************************************************************
 INFO [2024-08-01 11:15:13,400] (%D:11) - $$$$$$$$$$$$$$$$$$$$$$$$$$$$$$$$Verify the Bulk Upload functionality      $$$$$$$$$$$$$$$$$$$$$$$$$$$$$$$$$$$$$$$$$$$$$$
 INFO [2024-08-01 11:15:13,400] (%D:12) - ***********************************************************************************************
 INFO [2024-08-01 11:15:20,198] (%D:22) - Clicked on clicked
 INFO [2024-08-01 11:15:20,319] (%D:22) - Text Entered into Enter Email id
 INFO [2024-08-01 11:15:20,409] (%D:22) - Clicked on clicked
 INFO [2024-08-01 11:15:20,487] (%D:22) - Text Entered into Enter password
 INFO [2024-08-01 11:15:20,565] (%D:22) - Clicked on Login
 INFO [2024-08-01 11:15:23,607] (%D:22) - User navigated to Homepage
 INFO [2024-08-01 11:15:29,022] (%D:22) - Clicked on Employees
 INFO [2024-08-01 11:15:34,158] (%D:22) - Clicked on Bulk Upload
 INFO [2024-08-01 11:15:40,218] (%D:22) - File is selected Sucessfully
 INFO [2024-08-01 11:15:40,392] (%D:22) - Clicked on Submit
 INFO [2024-08-01 11:15:42,424] (%D:22) - Valid bulk employee is uploaded
 INFO [2024-08-01 11:15:47,533] (%D:22) - Clicked on Bulk Upload
 INFO [2024-08-01 11:15:53,652] (%D:22) - File is selected Sucessfully
 INFO [2024-08-01 11:15:53,743] (%D:22) - Clicked on Submit
 INFO [2024-08-01 11:15:55,797] (%D:22) - Invalid bulk file upload file is not uploaded
 INFO [2024-08-01 11:16:00,964] (%D:22) - Clicked on Cancel
 INFO [2024-08-01 11:16:06,096] (%D:22) - Clicked on Bulk Upload
 INFO [2024-08-01 11:16:12,163] (%D:22) - File is selected Sucessfully
 INFO [2024-08-01 11:16:14,210] (%D:22) - Null bulk upload file is not uploaded
 INFO [2024-08-01 11:16:19,307] (%D:22) - Clicked on Cancel
 INFO [2024-08-01 11:16:19,520] (%D:22) - Clicked on Add New Employee
 INFO [2024-08-01 11:16:19,924] (%D:22) - Text Entered into First Name
 INFO [2024-08-01 11:16:20,090] (%D:22) - Text Entered into lastName
 INFO [2024-08-01 11:16:20,201] (%D:22) - Clicked on Country Code
 INFO [2024-08-01 11:16:22,642] (%D:22) - Text Entered into Mobile Number
 INFO [2024-08-01 11:16:22,877] (%D:22) - Text Entered into Other Contact Number
 INFO [2024-08-01 11:16:23,119] (%D:22) - Text Entered into email Address
 INFO [2024-08-01 11:16:23,319] (%D:22) - Text Entered into job Title
 INFO [2024-08-01 11:16:25,945] (%D:22) - Clicked on Birthday Calendar Button
 INFO [2024-08-01 11:16:27,138] (%D:22) - Clicked on Birthday Calendar Arrow
 INFO [2024-08-01 11:16:28,356] (%D:22) - Clicked on Year
 INFO [2024-08-01 11:16:29,559] (%D:22) - Clicked on Month
 INFO [2024-08-01 11:16:30,702] (%D:22) - Clicked on Date
 INFO [2024-08-01 11:16:34,562] (%D:22) - Text Entered into Passport Number
 INFO [2024-08-01 11:16:37,745] (%D:22) - Clicked on Passport Calendar Button
 INFO [2024-08-01 11:16:38,989] (%D:22) - Clicked on Passport Calendar Arrow
 INFO [2024-08-01 11:16:40,123] (%D:22) - Clicked on Year
 INFO [2024-08-01 11:16:41,343] (%D:22) - Clicked on Month
 INFO [2024-08-01 11:16:42,569] (%D:22) - Clicked on Date
 INFO [2024-08-01 11:16:45,035] (%D:22) - Text Entered into SA ID
 INFO [2024-08-01 11:16:48,160] (%D:22) - Clicked on Employee Residential Details
 INFO [2024-08-01 11:16:48,269] (%D:22) - Clicked on Employee Residential Details
 INFO [2024-08-01 11:16:48,536] (%D:22) - Text Entered into Street1
 INFO [2024-08-01 11:16:48,798] (%D:22) - Text Entered into Street2
 INFO [2024-08-01 11:16:49,293] (%D:22) - Province is auto-populated
 INFO [2024-08-01 11:16:49,439] (%D:22) - Text Entered into Postal Code
 INFO [2024-08-01 11:16:50,001] (%D:22) - Clicked on Postal Address Details
 INFO [2024-08-01 11:16:50,262] (%D:22) - Text Entered into Street1
 INFO [2024-08-01 11:16:50,509] (%D:22) - Text Entered into Street2
 INFO [2024-08-01 11:16:51,007] (%D:22) - Province is auto-populated
 INFO [2024-08-01 11:16:51,164] (%D:22) - Text Entered into Postal Code
 INFO [2024-08-01 11:16:51,783] (%D:22) - Clicked on  Next Of Kin Details
 INFO [2024-08-01 11:16:51,936] (%D:22) - Text Entered into First Name
 INFO [2024-08-01 11:16:52,097] (%D:22) - Text Entered into Last Name
 INFO [2024-08-01 11:16:52,265] (%D:22) - Text Entered into Mobile Number
 INFO [2024-08-01 11:16:52,413] (%D:22) - Text Entered into Relationship
 INFO [2024-08-01 11:16:52,542] (%D:22) - Clicked on Emergency Contact Details
 INFO [2024-08-01 11:16:52,723] (%D:22) - Text Entered into First Name
 INFO [2024-08-01 11:16:52,964] (%D:22) - Text Entered into Last Name
 INFO [2024-08-01 11:16:53,124] (%D:22) - Text Entered into Mobile Number
 INFO [2024-08-01 11:16:53,284] (%D:22) - Text Entered into Other Contact Number
 INFO [2024-08-01 11:16:53,459] (%D:22) - Text Entered into email Address
 INFO [2024-08-01 11:16:53,816] (%D:22) - Text Entered into Street1
 INFO [2024-08-01 11:16:53,925] (%D:22) - Text Entered into Street2
 INFO [2024-08-01 11:16:54,405] (%D:22) - Province is auto-populated
 INFO [2024-08-01 11:16:54,558] (%D:22) - Text Entered into Postal Code
 INFO [2024-08-01 11:17:00,072] (%D:22) - Clicked on Security Details
 INFO [2024-08-01 11:17:00,252] (%D:22) - Text Entered into Security Licence Number
 INFO [2024-08-01 11:17:02,450] (%D:22) - Clicked on Security Calendar Button
 INFO [2024-08-01 11:17:03,559] (%D:22) - Clicked on Security Calendar Arrow
 INFO [2024-08-01 11:17:04,673] (%D:22) - Clicked on Year
 INFO [2024-08-01 11:17:05,822] (%D:22) - Clicked on Month
 INFO [2024-08-01 11:17:06,924] (%D:22) - Clicked on Date
 INFO [2024-08-01 11:17:07,058] (%D:22) - Clicked on First Aid Details
 INFO [2024-08-01 11:17:07,210] (%D:22) - Text Entered into First Aid CPR
 INFO [2024-08-01 11:17:09,393] (%D:22) - Clicked on First Aid Calendar Button
 INFO [2024-08-01 11:17:10,484] (%D:22) - Clicked on First Aid Calendar Arrow
 INFO [2024-08-01 11:17:11,653] (%D:22) - Clicked on Year
 INFO [2024-08-01 11:17:12,749] (%D:22) - Clicked on Month
 INFO [2024-08-01 11:17:13,863] (%D:22) - Clicked on Date
 INFO [2024-08-01 11:17:13,993] (%D:22) - Clicked on complianceDetails
 INFO [2024-08-01 11:17:14,166] (%D:22) - Text Entered into Driver Licence
 INFO [2024-08-01 11:17:16,333] (%D:22) - Clicked on Driver Licence Calendar Button
 INFO [2024-08-01 11:17:17,516] (%D:22) - Clicked on Driver Licence Calendar Arrow
 INFO [2024-08-01 11:17:18,631] (%D:22) - Clicked on Year
 INFO [2024-08-01 11:17:19,741] (%D:22) - Clicked on Month
 INFO [2024-08-01 11:17:20,831] (%D:22) - Clicked on Date
 INFO [2024-08-01 11:17:21,054] (%D:22) - Text Entered into Gun Licence
 INFO [2024-08-01 11:17:23,188] (%D:22) - Clicked on Gun Licence Calendar Button
 INFO [2024-08-01 11:17:24,380] (%D:22) - Clicked on Gun Licence Calendar Arrow
 INFO [2024-08-01 11:17:25,472] (%D:22) - Clicked on Year
 INFO [2024-08-01 11:17:26,607] (%D:22) - Clicked on Month
 INFO [2024-08-01 11:17:27,773] (%D:22) - Clicked on Date
 INFO [2024-08-01 11:17:27,962] (%D:22) - Clicked on Equipment Details
 INFO [2024-08-01 11:17:32,222] (%D:22) - Clicked on Contract Details
 INFO [2024-08-01 11:17:34,831] (%D:22) - Clicked on Contract Start Calendar Button
 INFO [2024-08-01 11:17:35,945] (%D:22) - Clicked on Contract Start Calendar Arrow
 INFO [2024-08-01 11:17:37,053] (%D:22) - Clicked on Year
 INFO [2024-08-01 11:17:38,155] (%D:22) - Clicked on Month
 INFO [2024-08-01 11:17:39,238] (%D:22) - Clicked on Date
 INFO [2024-08-01 11:17:41,434] (%D:22) - Clicked on Contract End Calendar Button
 INFO [2024-08-01 11:17:42,521] (%D:22) - Clicked on Contract End Calendar Arrow
 INFO [2024-08-01 11:17:43,635] (%D:22) - Clicked on Year
 INFO [2024-08-01 11:17:44,823] (%D:22) - Clicked on Month
 INFO [2024-08-01 11:17:45,962] (%D:22) - Clicked on Date
 INFO [2024-08-01 11:17:51,644] (%D:22) - Clicked on Save
 INFO [2024-08-01 11:17:53,681] (%D:22) - New employee is not created with duplicate data
 INFO [2024-08-01 11:17:53,681] (%D:17) - $$$$$$$$$$$$$$$$$$$$$$$$$$$$$$$$---END---$$$$$$$$$$$$$$$$$$$$$$$$$$$$$$$$$$$$$$$$$$$$$$
 INFO [2024-08-01 11:17:53,681] (%D:18) -     
 INFO [2024-08-01 11:18:30,516] (%D:10) - **********************************************************************************************
 INFO [2024-08-01 11:18:30,516] (%D:11) - $$$$$$$$$$$$$$$$$$$$$$$$$$$$$$$$Verify the Add New User functionality      $$$$$$$$$$$$$$$$$$$$$$$$$$$$$$$$$$$$$$$$$$$$$$
 INFO [2024-08-01 11:18:30,516] (%D:12) - ***********************************************************************************************
 INFO [2024-08-01 11:18:39,343] (%D:22) - Clicked on clicked
 INFO [2024-08-01 11:18:39,493] (%D:22) - Text Entered into Enter Email id
 INFO [2024-08-01 11:18:39,588] (%D:22) - Clicked on clicked
 INFO [2024-08-01 11:18:39,673] (%D:22) - Text Entered into Enter password
 INFO [2024-08-01 11:18:39,763] (%D:22) - Clicked on Login
 INFO [2024-08-01 11:18:42,791] (%D:22) - User navigated to Homepage
 INFO [2024-08-01 11:18:53,013] (%D:22) - Clicked on Manage ACL Users
 INFO [2024-08-01 11:18:53,340] (%D:22) - Clicked on Add New User
 INFO [2024-08-01 11:18:53,341] (%D:22) - Generated Alphanumeric values
 INFO [2024-08-01 11:18:53,341] (%D:22) - Generated Alphanumeric values
 INFO [2024-08-01 11:18:53,342] (%D:22) - Generated Alphanumeric values
 INFO [2024-08-01 11:18:53,342] (%D:22) - Generated Alphanumeric values
 INFO [2024-08-01 11:18:53,565] (%D:22) - Text Entered into First Name
 INFO [2024-08-01 11:18:53,787] (%D:22) - Text Entered into Email Address
 INFO [2024-08-01 11:18:54,079] (%D:22) - Text Entered into Last Name
 INFO [2024-08-01 11:18:54,298] (%D:22) - Text Entered into Mobile Number
 INFO [2024-08-01 11:18:54,393] (%D:22) - Clicked on First Name
 INFO [2024-08-01 11:18:54,430] (%D:22) - Give correct name element is visible
 INFO [2024-08-01 11:18:54,444] (%D:22) - Invalid Email Format element is visible
 INFO [2024-08-01 11:18:54,453] (%D:22) - Give correct name element is visible
 INFO [2024-08-01 11:18:54,467] (%D:22) - Give Correct Mobile Number element is visible
 INFO [2024-08-01 11:18:54,616] (%D:22) - Clicked on Cancel Button
 INFO [2024-08-01 11:18:54,753] (%D:22) - Clicked on Add New User
 INFO [2024-08-01 11:18:54,753] (%D:22) - Generated Alphanumeric values
 INFO [2024-08-01 11:18:54,754] (%D:22) - Generated Alphanumeric values
 INFO [2024-08-01 11:18:54,754] (%D:22) - Generated Alphanumeric values
 INFO [2024-08-01 11:18:54,754] (%D:22) - Generated Alphanumeric values
 INFO [2024-08-01 11:18:54,755] (%D:22) - Generated Alphanumeric values
 INFO [2024-08-01 11:18:54,946] (%D:22) - Text Entered into First Name
 INFO [2024-08-01 11:18:55,127] (%D:22) - Text Entered into Password
 INFO [2024-08-01 11:18:55,367] (%D:22) - Text Entered into Last Name
 INFO [2024-08-01 11:18:55,555] (%D:22) - Text Entered into Mobile Number
 INFO [2024-08-01 11:18:55,717] (%D:22) - Text Entered into Confirm Password
 INFO [2024-08-01 11:18:55,796] (%D:22) - Clicked on First Name
 INFO [2024-08-01 11:18:55,796] (%D:22) - Generated Alphanumeric values
 INFO [2024-08-01 11:18:55,796] (%D:22) - Generated Alphanumeric values
 INFO [2024-08-01 11:18:55,825] (%D:22) - Maximum 25 characters allowed is visible
 INFO [2024-08-01 11:18:55,843] (%D:22) - Minimum 6 Characters Allowed is visible
 INFO [2024-08-01 11:18:55,845] (%D:22) - Maximum 25 characters allowed is visible
 INFO [2024-08-01 11:18:55,867] (%D:22) - Give Correct Mobile Number is visible
 INFO [2024-08-01 11:18:55,879] (%D:22) - Minimum 6 characters allowed is visible
 INFO [2024-08-01 11:18:56,075] (%D:22) - Text Entered into First Name
 INFO [2024-08-01 11:18:56,275] (%D:22) - Text Entered into Last Name
 INFO [2024-08-01 11:18:56,326] (%D:22) - Clicked on First Name
 INFO [2024-08-01 11:18:56,358] (%D:22) - Minimum 3 Characters Required element is visible
 INFO [2024-08-01 11:18:56,363] (%D:22) - Minimum 3 Characters Required element is visible
 INFO [2024-08-01 11:18:56,487] (%D:22) - Clicked on Cancel Button
 INFO [2024-08-01 11:18:56,624] (%D:22) - Clicked on Add New User
 INFO [2024-08-01 11:18:56,716] (%D:22) - Clicked on Add
 INFO [2024-08-01 11:18:56,730] (%D:22) - New user is not created with null data
 INFO [2024-08-01 11:18:56,853] (%D:22) - Clicked on Cancel Button
 INFO [2024-08-01 11:18:56,969] (%D:22) - Clicked on Add New User
 INFO [2024-08-01 11:18:57,237] (%D:22) - Text Entered into First Name
 INFO [2024-08-01 11:18:57,421] (%D:22) - Text Entered into Email Address
 INFO [2024-08-01 11:18:57,584] (%D:22) - Text Entered into Password
 INFO [2024-08-01 11:18:59,976] (%D:22) - Clicked on Admin
 INFO [2024-08-01 11:19:00,147] (%D:22) - Text Entered into Last Name
 INFO [2024-08-01 11:19:00,310] (%D:22) - Text Entered into Mobile Number
 INFO [2024-08-01 11:19:00,464] (%D:22) - Text Entered into Confirm Password
 INFO [2024-08-01 11:19:03,015] (%D:22) - Clicked on Add
 INFO [2024-08-01 11:19:09,308] (%D:22) - Text Entered into Filter
 INFO [2024-08-01 11:19:09,323] (%D:22) - New User is created
 INFO [2024-08-01 11:19:09,453] (%D:22) - Clicked on Add New User
 INFO [2024-08-01 11:19:09,639] (%D:22) - Text Entered into First Name
 INFO [2024-08-01 11:19:09,782] (%D:22) - Text Entered into Email Address
 INFO [2024-08-01 11:19:09,907] (%D:22) - Text Entered into Password
 INFO [2024-08-01 11:19:14,182] (%D:22) - Clicked on Admin
 INFO [2024-08-01 11:19:14,316] (%D:22) - Text Entered into Last Name
 INFO [2024-08-01 11:19:14,453] (%D:22) - Text Entered into Mobile Number
 INFO [2024-08-01 11:19:14,595] (%D:22) - Text Entered into Confirm Password
 INFO [2024-08-01 11:19:17,106] (%D:22) - Clicked on Add
 INFO [2024-08-01 11:19:21,140] (%D:22) - New User is not created
 INFO [2024-08-01 11:19:21,144] (%D:17) - $$$$$$$$$$$$$$$$$$$$$$$$$$$$$$$$---END---$$$$$$$$$$$$$$$$$$$$$$$$$$$$$$$$$$$$$$$$$$$$$$
 INFO [2024-08-01 11:19:21,144] (%D:18) -     
 INFO [2024-08-01 11:19:21,235] (%D:10) - **********************************************************************************************
 INFO [2024-08-01 11:19:21,238] (%D:11) - $$$$$$$$$$$$$$$$$$$$$$$$$$$$$$$$Verify the Filter functionality      $$$$$$$$$$$$$$$$$$$$$$$$$$$$$$$$$$$$$$$$$$$$$$
 INFO [2024-08-01 11:19:21,238] (%D:12) - ***********************************************************************************************
 INFO [2024-08-01 11:19:31,208] (%D:22) - Clicked on clicked
 INFO [2024-08-01 11:19:31,331] (%D:22) - Text Entered into Enter Email id
 INFO [2024-08-01 11:19:31,419] (%D:22) - Clicked on clicked
 INFO [2024-08-01 11:19:31,499] (%D:22) - Text Entered into Enter password
 INFO [2024-08-01 11:19:31,587] (%D:22) - Clicked on Login
 INFO [2024-08-01 11:19:34,615] (%D:22) - User navigated to Homepage
 INFO [2024-08-01 11:19:44,898] (%D:22) - Clicked on Manage ACL Users
 INFO [2024-08-01 11:19:50,587] (%D:22) - Text Entered into Filter
 INFO [2024-08-01 11:19:53,594] (%D:22) - ACL User details are visible
 INFO [2024-08-01 11:19:53,594] (%D:22) - Generated Alphanumeric values
 INFO [2024-08-01 11:19:58,851] (%D:22) - Text Entered into Filter
 INFO [2024-08-01 11:19:58,866] (%D:22) -  No data matching the filter error message is visible
 INFO [2024-08-01 11:19:58,959] (%D:22) - Clicked on Items Dropdown
 INFO [2024-08-01 11:20:01,148] (%D:22) - Clicked on Items Dropdown Option
 INFO [2024-08-01 11:20:01,148] (%D:17) - $$$$$$$$$$$$$$$$$$$$$$$$$$$$$$$$---END---$$$$$$$$$$$$$$$$$$$$$$$$$$$$$$$$$$$$$$$$$$$$$$
 INFO [2024-08-01 11:20:01,148] (%D:18) -     
 INFO [2024-08-01 11:20:01,244] (%D:10) - **********************************************************************************************
 INFO [2024-08-01 11:20:01,245] (%D:11) - $$$$$$$$$$$$$$$$$$$$$$$$$$$$$$$$Verify the Manage ACL User functionality      $$$$$$$$$$$$$$$$$$$$$$$$$$$$$$$$$$$$$$$$$$$$$$
 INFO [2024-08-01 11:20:01,245] (%D:12) - ***********************************************************************************************
 INFO [2024-08-01 11:20:09,786] (%D:22) - Clicked on clicked
 INFO [2024-08-01 11:20:09,918] (%D:22) - Text Entered into Enter Email id
 INFO [2024-08-01 11:20:10,009] (%D:22) - Clicked on clicked
 INFO [2024-08-01 11:20:10,085] (%D:22) - Text Entered into Enter password
 INFO [2024-08-01 11:20:10,171] (%D:22) - Clicked on Login
 INFO [2024-08-01 11:20:13,175] (%D:22) - User navigated to Homepage
 INFO [2024-08-01 11:20:23,436] (%D:22) - Clicked on Manage ACL Users
 INFO [2024-08-01 11:20:29,078] (%D:22) - Text Entered into Filter
 INFO [2024-08-01 11:20:32,267] (%D:22) - Clicked on Manage ACL User
 INFO [2024-08-01 11:20:32,268] (%D:22) - Generates Random Numbers
 INFO [2024-08-01 11:20:35,508] (%D:22) - Text Entered into Mobile Number
 INFO [2024-08-01 11:20:40,648] (%D:22) - Clicked on Update
 INFO [2024-08-01 11:20:47,904] (%D:22) - Text Entered into Filter
 INFO [2024-08-01 11:20:48,008] (%D:22) - Clicked on Manage ACL User
 INFO [2024-08-01 11:20:54,063] (%D:22) - Mobile Number is updated
 INFO [2024-08-01 11:20:54,064] (%D:17) - $$$$$$$$$$$$$$$$$$$$$$$$$$$$$$$$---END---$$$$$$$$$$$$$$$$$$$$$$$$$$$$$$$$$$$$$$$$$$$$$$
 INFO [2024-08-01 11:20:54,065] (%D:18) -     
